seconds,phase,webContentBytes,intervalHighBytes,glBytes,accountedBytes,gpuProcessBytes
-41.71900010108948,loading,129701024,129701024,0,,15911072
-40.73200011253357,loading,242423184,263574928,43722756,,18499792
-39.70799994468689,loading,328897936,335943056,43722756,,18647248
-38.706000089645386,loading,481318528,485004928,43722756,,18598096
-37.699000120162964,loading,497981152,578836192,43722756,,23136536
-36.694000005722046,loading,464295672,578836192,43722756,,22743320
-35.68900012969971,loading,620025688,623253336,43722756,,22563096
-34.69099998474121,loading,639375216,642701168,,,22563096
-33.69000005722046,loading,649189232,652498800,,,22563096
-32.67400002479553,loading,650434416,654415728,,,22399256
-31.691999912261963,loading,658937712,662247280,43722756,,22399256
-30.677000045776367,loading,799152128,811079680,43722756,,36587824
-29.676000118255615,loading,573986936,811079680,57500100,,52365712
-28.680000066757202,loading,570464376,811079680,57500100,,62622120
-27.674000024795532,loading,570464376,811079680,57500100,,62867880
-26.66000008583069,loading,570464376,811079680,57500100,,63097256
-25.65400004386902,loading,570071160,811079680,57500100,,63392168
-24.641000032424927,loading,570005624,811079680,57500100,,63637928
-23.627000093460083,loading,570087544,811079680,183601569,,63326632
-22.621000051498413,loading,602577040,811079680,214723577,,181406240
-21.60800004005432,loading,682449064,811079680,243752421,,217516576
-20.604000091552734,loading,749476104,811079680,275845077,89320000,251873872
-19.611999988555908,baseline-0,728160568,728160568,280134473,108470000,270404176
-18.60199999809265,baseline-0,741054800,750573904,304950161,108150000,272976464
-17.594000101089478,baseline-0,747346256,750573904,304950161,108150000,272321104
-16.566999912261963,baseline-0,747723136,796547456,304950161,108150000,272435792
-15.571000099182129,baseline-0,736762240,796547456,304950161,108150000,272386640
-14.582000017166138,baseline-0,743414168,796547456,304950161,108150000,272403024
-13.585000038146973,baseline-0,734779800,796547456,304950161,108150000,272583248
-12.571000099182129,baseline-0,734861720,796547456,304950161,108150000,272435792
-11.566999912261963,baseline-0,734894488,796547456,304950161,108150000,273566288
-10.555999994277954,baseline-0,735173016,796547456,304950161,108150000,273730128
-9.545000076293945,baseline-0,735254936,796547456,304950161,108150000,273599056
-8.54800009727478,baseline-0,735336856,796547456,304950161,108150000,272861776
-7.539999961853027,baseline-0,734140824,796547456,304950161,108150000,272861776
-6.519000053405762,baseline-0,734271896,796547456,304950161,108150000,273107536
-5.51800012588501,baseline-0,734321048,796547456,304950161,108150000,272747088
-4.520999908447266,baseline-0,732354968,796547456,304950161,108150000,272976464
-3.515000104904175,baseline-0,732387736,796547456,304950161,108150000,272763472
-2.506999969482422,baseline-0,732436888,796547456,304950161,108150000,272779856
-1.503999948501587,baseline-0,732387736,796547456,304950161,108150000,272779856
-0.497999906539917,baseline-0,732305816,796547456,304950161,108150000,272779856
0.5060000419616699,drive,732715416,732715416,305056505,108150000,273369680
1.5169999599456787,drive,732764568,732912024,305056505,108220000,273467984
2.5290000438690186,drive,732961176,733043096,305083457,108280000,273910352
3.5490000247955322,drive,732649880,737237400,305147273,108430000,274238032
4.565999984741211,drive,732518808,737237400,305147273,108430000,274467408
5.573999881744385,drive,732502424,737237400,305147273,108430000,274319952
6.573999881744385,drive,732535192,737237400,305289497,108930000,274319952
7.57699990272522,drive,732682648,737237400,305431721,109340000,274680400
8.588000059127808,drive,732699032,737237400,305546993,109610000,274991696
9.57200002670288,drive,732748184,737237400,305662265,109910000,275122768
10.58899998664856,drive,732764568,737237400,305804489,110420000,275253840
11.589999914169312,drive,735533488,744430000,305946713,110790000,275581520
12.624000072479248,drive,732944816,744430000,306061985,111090000,275860048
13.598999977111816,drive,733043120,744430000,306177257,111390000,276122192
14.621999979019165,drive,733026736,744430000,306292529,111750000,276171344
15.6010000705719,drive,732993968,744430000,306407801,112050000,276335184
16.621000051498413,drive,732993968,744430000,306407801,112350000,276499024
17.615999937057495,drive,732879280,744430000,306638345,112660000,276679248
18.618000030517578,drive,739596720,744430000,306638345,112660000,276826704
19.616999864578247,drive,734615984,744430000,306638345,112960000,276974160
20.621999979019165,drive,734615984,744430000,306638345,112660000,276892240
21.632999897003174,drive,734665136,744430000,306753617,112960000,276875856
22.628000020980835,drive,734665136,744430000,306638345,112660000,276990544
23.631999969482422,drive,734681520,744430000,306638345,112660000,276990544
24.63700008392334,drive,737745328,744430000,306407801,112050000,276810320
25.651000022888184,drive,734910896,744430000,306407801,112050000,276793936
26.65400004386902,drive,734714288,744430000,306177257,111450000,276793936
27.680999994277954,drive,734714288,744430000,306177257,111450000,276793936
28.680999994277954,drive,733387184,744430000,305946713,110850000,276793936
29.68400001525879,drive,733436336,744430000,306445765,110890000,277449296
30.69099998474121,drive,733567408,744430000,306503401,111040000,277531216
31.69599986076355,drive,733567408,744430000,306516877,111040000,277760592
32.70099997520447,drive,733567408,744430000,306574513,111190000,277580368
33.70700001716614,drive,733567408,744430000,306574513,111190000,277580368
34.717000007629395,drive,733911472,744430000,306516877,111070000,277580368
35.72199988365173,drive,734452144,744430000,306516877,109960000,277580368
36.72699999809265,drive,733813168,744430000,306516877,109960000,277580368
37.73799991607666,drive,734370224,744430000,306530353,109900000,277662288
38.740999937057495,drive,734157232,744430000,306587989,110020000,277662288
39.75200009346008,drive,732846512,744430000,306562129,109960000,277645904
40.74900007247925,drive,732846512,744430000,306504493,109850000,277760592
41.75999999046326,drive,732846512,744430000,306533005,109880000,277613136
42.769999980926514,drive,732879280,744430000,306461893,109700000,277662288
43.7720000743866,drive,732879280,744430000,306404257,109550000,277678672
44.77799987792969,drive,732895664,744430000,306404257,109630000,277809744
45.79800009727478,drive,732666288,744430000,306417733,109690000,277662288
46.79900002479553,drive,732649904,744430000,306377305,109590000,277662288
47.79900002479553,drive,731830704,744430000,306377305,109590000,277662288
48.81500005722046,drive,731945392,744430000,306390781,109680000,277776976
49.81500005722046,drive,731961776,744430000,306404257,109710000,277760592
50.823999881744385,drive,732076464,744430000,306377305,109650000,277662288
51.823999881744385,drive,731978160,744430000,306421465,109760000,277645904
52.842000007629395,drive,732142000,744430000,306292717,109460000,277662288
53.84100008010864,drive,732158384,744430000,306350353,109610000,277662288
54.8510000705719,drive,732158384,744430000,306254761,109350000,277645904
55.84599995613098,drive,732289456,744430000,306312397,109500000,277776976
56.86299991607666,drive,732289456,744430000,306343081,109520000,277629520
57.8529999256134,drive,733026736,744430000,306400717,109670000,277629520
58.85800004005432,drive,732862896,744430000,306343081,109470000,277629520
59.86199998855591,drive,731929008,744430000,306400717,109620000,277629520
60.86800003051758,drive,731961776,744430000,306329605,109410000,277629520
61.871999979019165,drive,732305840,744430000,306316129,109380000,277645904
62.87899994850159,drive,733829552,744430000,306200857,109050000,277727824
63.87700009346008,drive,732600752,744430000,306200857,109050000,277760592
64.87800002098083,drive,732928432,744430000,305842797,107110000,277744208
65.87800002098083,drive,732879280,744430000,305829321,107080000,277744208
66.88499999046326,drive,736762312,744430000,305714049,106780000,277629520
67.89400005340576,drive,733206984,744430000,305727525,106780000,277629520
68.89400005340576,drive,737810888,744430000,305727525,106780000,277629520
69.89599990844727,drive,733567432,744430000,305727525,106780000,277629520
70.8989999294281,drive,734321096,744430000,305727525,106780000,277629520
71.90700006484985,drive,734009800,744430000,305727525,106780000,277645904
72.91799998283386,drive,736696776,744430000,305727525,106780000,277629520
73.91599988937378,drive,734222792,744430000,305785161,106930000,277629520
74.92899990081787,drive,738417096,744430000,305842797,107080000,277629520
75.92899990081787,drive,734845384,744430000,305900433,107230000,277629520
76.94700002670288,drive,739039688,744430000,305958069,107380000,277826128
77.93700003623962,drive,734714312,744430000,306029181,107560000,277645904
78.94099998474121,drive,735025608,744430000,306100293,107750000,277645904
79.96099996566772,drive,735009224,744430000,306157929,107900000,277629520
80.97099995613098,drive,739383752,744430000,306589309,108500000,277891664
81.96099996566772,drive,739482080,744430000,306616261,108560000,277891664
82.96199989318848,drive,741333472,744430000,306616261,108560000,278153808
83.97199988365173,drive,741464544,744430000,306673897,108750000,277760592
84.97399997711182,drive,741382624,744430000,306731533,108900000,277760592
85.98000001907349,drive,741448160,745658848,306731533,108900000,277760592
86.97699999809265,drive,839506592,938728096,306745009,108930000,277744208
87.99300003051758,drive,777362152,938728096,306745009,108930000,273549904
88.9909999370575,drive,737630952,938728096,306758485,108960000,274516560
90.00399994850159,drive,737630952,938728096,306758485,108960000,274500176
91.01399993896484,drive,737647336,938728096,306758485,108960000,274500176
92.02099990844727,drive,737680104,938728096,307906957,108960000,274991696
93.01799988746643,drive,738286312,938728096,308040805,108960000,275139152
94.0329999923706,drive,810588976,938728096,308040805,108960000,275139152
95.04200005531311,drive,737549104,938728096,308040805,108960000,275008080
96.04800009727478,drive,737516336,938728096,308105929,109130000,275073616
97.05299997329712,drive,737516336,938728096,308105929,109130000,275073616
98.06699991226196,drive,737532720,938728096,308105929,109130000,275073616
99.08200001716614,drive,737401648,938728096,308105929,109130000,276040272
100.07399988174438,drive,788536160,938728096,308105929,109130000,275941968
101.08999991416931,drive,737336160,938728096,308105929,109130000,275958352
102.10699987411499,drive,737336160,938728096,308156077,108960000,275237456
103.10599994659424,drive,737237856,938728096,308098441,108810000,275237456
104.11299991607666,drive,737254240,938728096,308040805,108690000,275434064
105.10999989509583,drive,737270624,938728096,308054281,108690000,275384912
106.125,drive,737254240,938728096,307961989,108450000,275204688
107.13899993896484,drive,737254240,938728096,307961989,108450000,275221072
108.13700008392334,drive,737270624,938728096,307789081,108060000,275221072
109.13800001144409,drive,737270624,938728096,307860193,108240000,275286608
110.14599990844727,drive,737155936,938728096,307744921,108000000,275434064
111.1489999294281,drive,737319776,938728096,307802557,108150000,275417680
112.15499997138977,drive,737319776,938728096,307758397,108080000,275335760
113.16400003433228,drive,737352544,938728096,307771873,108570000,275401296
114.16899991035461,drive,737352544,938728096,307771873,108570000,275401296
115.17799997329712,drive,737352544,938728096,307758397,108540000,275614288
116.18499994277954,drive,737336160,938728096,307744921,108540000,275401296
117.19400000572205,drive,737336160,938728096,307731445,108510000,275401296
118.21399998664856,drive,737385312,938728096,307705585,108450000,275581520
119.21399998664856,drive,737401696,938728096,307705585,108450000,275466832
120.22399997711182,drive,737385312,938728096,307753717,108580000,275319376
121.22399997711182,drive,737287008,938728096,307797877,108690000,274778704
122.23099994659424,drive,737336160,938728096,308248265,109300000,275810896
123.23900008201599,drive,737336160,938728096,308275217,109360000,276073040
124.25399994850159,drive,737368928,938728096,308275217,109360000,275925584
125.25399994850159,drive,737418080,938728096,308332853,109510000,276449872
126.25799989700317,drive,737500000,938728096,308390489,109690000,276269648
127.26799988746643,drive,738450272,938728096,308417441,109760000,276712016
128.27600002288818,drive,738794336,938728096,308417441,109760000,277563984
129.27999997138977,drive,738007904,938728096,308417441,109760000,277563984
130.2960000038147,drive,737893216,938728096,308417441,109760000,277973584
131.29399991035461,drive,774757240,938728096,308417441,109760000,276843088
132.3050000667572,drive,770562960,938728096,308417441,109760000,276843088
133.32800006866455,drive,768859024,938728096,308417441,109760000,276843088
134.32999992370605,drive,738859920,938728096,308417441,109760000,276695632
135.33200001716614,drive,738794384,938728096,308417441,109760000,276875856
136.34899997711182,drive,738810768,938728096,308482565,109930000,277088848
137.34899997711182,drive,738630544,938728096,308482565,109930000,276925008
138.3529999256134,drive,740842384,938728096,308482565,109930000,277809744
139.36999988555908,drive,799234984,938728096,308482565,109930000,277809744
140.37400007247925,drive,738466728,938728096,308482565,109930000,277809744
141.38899993896484,drive,738466728,938728096,308482565,109930000,277023312
142.39199995994568,drive,738974728,938728096,308482565,109930000,277023312
143.40199995040894,drive,738581512,938728096,308482565,109930000,277023312
144.41899991035461,drive,738515976,938728096,308532713,109760000,276941392
145.42499995231628,drive,738483208,938728096,308475077,109610000,277023312
146.43899989128113,drive,738499592,938728096,308379485,109380000,276941392
147.4409999847412,drive,738401288,938728096,308379485,109430000,276941392
148.44400000572205,drive,738270216,938728096,308245205,109040000,277023312
149.45000004768372,drive,738270216,938728096,308231729,109010000,277023312
150.45099997520447,drive,738319368,938728096,308045345,108580000,277023312
151.46799993515015,drive,738319368,938728096,308116457,108760000,277023312
152.48099994659424,drive,738302984,938728096,307987709,108490000,277023312
153.481999874115,drive,738302984,938728096,308031869,108610000,277023312
154.4869999885559,drive,738335752,938728096,307930073,108390000,277039696
155.49900007247925,drive,738335752,938728096,308001185,108570000,277023312
156.50200009346008,drive,738335752,938728096,308001185,108570000,277023312
157.50300002098083,drive,738466824,938728096,307987709,108540000,277023312
158.5130000114441,drive,738384904,938728096,307974233,108540000,277023312
159.5220000743866,drive,738335752,938728096,307960757,108510000,277039696
160.53200006484985,drive,738302984,938728096,307934897,108450000,277023312
161.53799986839294,drive,738302984,938728096,307921421,108410000,277006928
162.54900002479553,drive,738302984,938728096,307956077,108510000,277006928
163.55599999427795,drive,738302984,938728096,308000237,108630000,277023312
164.5659999847412,drive,738335752,938728096,308221313,109230000,277383760
165.59299993515015,drive,738319368,938728096,308248265,109300000,277170768
166.57500004768372,drive,738319368,938728096,308248265,109300000,277154384
167.58200001716614,drive,738319368,938728096,308305901,109450000,277006928
168.57999992370605,drive,738401288,938728096,308363537,109600000,277006928
169.58899998664856,drive,738794504,938728096,308390489,109660000,277023312
170.59599995613098,drive,738810888,938728096,308390489,109660000,277875280
171.60400009155273,drive,738761736,938728096,308390489,109660000,277875280
172.61999988555908,drive,738827272,938728096,308390489,109660000,277891664
173.62800002098083,drive,738810888,938728096,308390489,109660000,277891664
174.63899993896484,drive,739662856,938728096,308390489,109660000,277170768
175.64800000190735,drive,739286024,938728096,308390489,109660000,277154384
176.66100001335144,drive,739138568,938728096,308390489,109660000,277269072
177.66499996185303,drive,739204104,938728096,308455613,109830000,277236304
178.6710000038147,drive,739122184,938728096,308455613,109830000,277006928
179.66799998283386,drive,738991112,938728096,308455613,109830000,277006928
180.6800000667572,drive,789372008,938728096,308455613,109830000,277006928
181.68899989128113,drive,739023976,938728096,308455613,109830000,277006928
182.70499992370605,drive,739023976,938728096,308455613,109830000,277875280
183.7039999961853,drive,741579880,938728096,308455613,109830000,277875280
184.70899987220764,drive,739826792,938728096,308455613,109830000,277875280
185.7300000190735,drive,739220632,938728096,308455613,109830000,277285456
186.7279999256134,drive,738811032,938728096,308505761,109660000,277285456
187.73399996757507,drive,739122328,938728096,308448125,109510000,277154384
188.7460000514984,drive,739286168,938728096,308339057,109250000,276990544
189.75,drive,739204248,938728096,308339057,109250000,277006928
190.7590000629425,drive,739204248,938728096,308181797,108850000,277088848
191.76699995994568,drive,739318936,938728096,308168321,108820000,277039696
192.7739999294281,drive,739400856,938728096,307981937,108340000,277039696
193.7850000858307,drive,739548312,938728096,307752625,106740000,277039696
194.7850000858307,drive,740433048,938728096,307552765,106220000,276908624
195.80599999427795,drive,740007064,938728096,307539289,106190000,276908624
196.81500005722046,drive,740007064,938728096,307366381,105740000,276908624
197.8069999217987,drive,739777688,938728096,307366381,105740000,276908624
198.81200003623962,drive,739875992,938728096,307424017,105890000,276908624
199.81500005722046,drive,739875992,938728096,307481653,106040000,276908624
200.82200002670288,drive,739875992,938728096,307539289,106190000,276925008
201.83599996566772,drive,739875992,938728096,307596925,106340000,276908624
202.84800004959106,drive,739875992,938728096,307654561,106490000,276908624
203.84100008010864,drive,739941528,938728096,307712197,106640000,276908624
204.85599994659424,drive,739925144,938728096,307769833,106790000,276925008
205.856999874115,drive,739990680,938728096,307827469,106940000,276925008
206.85999989509583,drive,739908760,938728096,307827469,106940000,277088848
207.87299990653992,drive,739908760,938728096,307827469,106940000,276908624
208.88299989700317,drive,739810456,938728096,307769833,106790000,276908624
209.8840000629425,drive,739826840,938728096,307769833,106790000,276908624
210.8949999809265,drive,739843224,938728096,307712197,106640000,277056080
211.90400004386902,drive,739859608,938728096,307654561,106490000,276908624
212.91299986839294,drive,739859608,938728096,307596925,106340000,276908624
213.91499996185303,drive,739826840,938728096,307539289,106190000,276908624
214.92499995231628,drive,739859608,938728096,307468177,106010000,277023312
215.9300000667572,drive,740367512,938728096,307468177,106010000,277400144
216.94599986076355,drive,740351128,938728096,307352905,105710000,277203536
217.95199990272522,drive,740351128,938728096,307424017,106350000,277203536
218.96600008010864,drive,740433048,938728096,307653329,106350000,277531216
219.96399998664856,drive,740433048,938728096,307710965,106500000,277547600
220.9760000705719,drive,740416664,938728096,307768601,106650000,277252688
221.98499989509583,drive,740416664,938728096,307826237,106800000,277252688
222.99399995803833,drive,740416664,938728096,307883873,106950000,277465680
223.99799990653992,drive,740416664,938728096,307941509,107100000,277563984
224.99699997901917,drive,740318360,938728096,308012621,107280000,277695056
226.0039999485016,drive,740334744,938728096,308083733,107470000,277432912
227.00799989700317,drive,740301976,938728096,308083733,107470000,277449296
228.0130000114441,drive,740416664,938728096,308083733,107470000,277613136
229.02500009536743,drive,741137560,938728096,308026097,107320000,277695056
230.03600001335144,drive,740940952,938728096,308026097,107320000,277465680
231.04500007629395,drive,740957336,938728096,308026097,107320000,277465680
232.04999995231628,drive,741022872,938728096,307968461,107160000,277465680
233.0569999217987,drive,740957336,938728096,307968461,107160000,277482064
234.06699991226196,drive,740973720,938728096,307968461,107160000,277465680
235.0789999961853,drive,740908184,938728096,307968461,107160000,277465680
236.08399987220764,drive,740973720,938728096,307968461,107160000,277465680
237.0920000076294,drive,740924568,938728096,307968461,107160000,277563984
238.0939998626709,drive,740940952,938728096,307968461,107160000,277662288
239.1029999256134,drive,740613272,938728096,307968461,107160000,277465680
240.1159999370575,drive,740613272,938728096,307968461,107160000,277465680
241.12299990653992,drive,740613272,938728096,307968461,107160000,277482064
242.1289999485016,drive,740629656,938728096,307968461,107160000,277678672
243.13700008392334,drive,740711576,938728096,307968461,107160000,277465680
244.1470000743866,drive,740727960,938728096,308026097,107320000,278121040
245.15100002288818,drive,740727960,938728096,308084565,107620000,277940816
246.15499997138977,drive,740465816,938728096,308084565,107650000,277482064
247.1670000553131,drive,740662424,938728096,308040405,107530000,277482064
248.16599988937378,drive,740514968,938728096,308193633,108060000,277563984
249.17799997329712,drive,740514968,938728096,308078361,107760000,277678672
250.17700004577637,drive,740514968,938728096,308078361,107950000,277629520
251.18899989128113,drive,740662424,938728096,307905453,107620000,277563984
252.18300008773804,drive,740629656,938728096,308047677,107980000,277776976
253.19899988174438,drive,740514968,938728096,307918929,107500000,277563984
254.20899987220764,drive,740547736,938728096,307976565,107650000,277629520
255.22000002861023,drive,740596888,938728096,307918929,107400000,277613136
256.21399998664856,drive,740580504,938728096,307990041,107580000,277826128
257.2339999675751,drive,740564120,938728096,307932405,107280000,277613136
258.23799991607666,drive,740580504,938728096,307976565,107400000,277629520
259.24900007247925,drive,740596888,938728096,307963089,107400000,277809744
260.2569999694824,drive,740580504,938728096,307907625,107270000,277613136
261.26799988746643,drive,740465816,938728096,307921101,107310000,277613136
262.27999997138977,drive,740465816,938728096,307967733,107440000,277826128
263.2850000858307,drive,740531352,938728096,308011893,107560000,277596752
264.27099990844727,drive,740482200,938728096,308011893,107560000,277613136
265.2779998779297,drive,740351128,938728096,308011893,107940000,277613136
266.289999961853,drive,740973720,938728096,308011893,107940000,277678672
267.30599999427795,drive,741006488,938728096,307954257,107790000,277678672
268.3109998703003,drive,740793520,938728096,307954257,107790000,277678672
269.31699991226196,drive,740842672,938728096,307954257,107790000,277531216
270.33200001716614,drive,740859056,938728096,307954257,107820000,277727824
271.35199999809265,drive,741694640,938728096,307931277,107770000,277531216
272.335000038147,drive,741498032,938728096,307931277,107730000,277711440
273.3399999141693,drive,741399728,938728096,307931277,107730000,277531216
274.3489999771118,drive,741432496,938728096,307931277,107730000,277531216
275.3580000400543,drive,741432496,938728096,307931277,107730000,277547600
276.3680000305176,drive,741072048,938728096,307931277,107730000,277662288
277.3699998855591,drive,741039280,938728096,307931277,107730000,277531216
278.37400007247925,drive,741039280,938728096,307931277,107730000,277531216
279.37800002098083,drive,741055664,938728096,308035581,107730000,277662288
280.3840000629425,drive,741088432,938728096,308093217,107880000,277678672
281.385999917984,drive,741514416,938728096,308155429,108050000,277908048
282.40199995040894,drive,741989552,938728096,308094049,108100000,277695056
283.4059998989105,drive,741547184,938728096,308151685,108250000,277695056
284.4140000343323,drive,741547184,938728096,308121001,108200000,277695056
285.41799998283386,drive,741498032,938728096,308216593,108670000,277924432
286.42199993133545,drive,741498032,938728096,308175085,108460000,277940816
287.44000005722046,drive,741498032,938728096,308161609,108610000,277924432
288.4449999332428,drive,741514416,938728096,307975225,108300000,277924432
289.4519999027252,drive,741514416,938728096,308117449,108670000,277924432
290.45300006866455,drive,741514416,938728096,308130925,108600000,277924432
291.4560000896454,drive,741563568,938728096,308232721,108870000,277957200
292.4689998626709,drive,740760752,938728096,308232721,108790000,277940816
293.4760000705719,drive,740809904,938728096,308347993,109090000,277957200
294.47900009155273,drive,740809904,938728096,308419105,109240000,277989968
295.489000082016,drive,740809904,938728096,308476741,109240000,278022736
296.5020000934601,drive,741039280,938728096,308492389,109340000,278071888
297.50600004196167,drive,741072048,938728096,308550025,109490000,278071888
298.5130000114441,drive,741072048,938728096,308607661,109640000,278202960
299.51399993896484,drive,741104816,938728096,308665297,109790000,278153808
300.5260000228882,drive,741104816,938728096,308742613,110000000,278448720
301.5279998779297,drive,741121200,938728096,308844409,110270000,278579792
302.5309998989105,drive,741399728,938728096,309002317,110720000,279071312
303.5439999103546,drive,741383344,938728096,309029269,110790000,279071312
304.54500007629395,drive,741383344,938728096,309029269,110790000,279087696
305.54500007629395,drive,741416112,938728096,309086905,110940000,279005776
306.5590000152588,drive,741678256,938728096,309144541,111090000,279186000
307.5680000782013,drive,741842096,938728096,309122653,111040000,279202384
308.57800006866455,drive,741874864,938728096,309122653,111040000,280054352
309.59500002861023,drive,741907632,938728096,309122653,111040000,279874128
310.59299993515015,drive,741924016,938728096,309122653,111040000,279874128
311.5920000076294,drive,741940400,938728096,309122653,111040000,279153232
312.6010000705719,drive,742923440,938728096,309122653,111040000,279153232
313.62800002098083,drive,742923440,938728096,309122653,111040000,279153232
314.62199997901917,drive,742923440,938728096,309122653,111040000,279005776
315.6340000629425,drive,742661296,938728096,309122653,111250000,279595600
316.6410000324249,drive,742726832,938728096,309311089,111250000,279595600
317.6449999809265,drive,742562992,938728096,309368725,111400000,279677520
318.64400005340576,drive,744004784,938728096,309368725,111400000,280545872
319.65899991989136,drive,754883760,938728096,309368725,111400000,280545872
320.6689999103546,drive,743693536,938728096,309368725,111400000,280545872
321.68099999427795,drive,743595232,938728096,309368725,111400000,279824976
322.6879999637604,drive,742005984,938728096,309368725,111400000,279824976
323.6930000782013,drive,745250016,938728096,309368725,111400000,279923280
324.70700001716614,drive,742087904,938728096,309373745,111490000,279824976
325.7149999141693,drive,741956832,938728096,309373745,111490000,279759440
326.720999956131,drive,741956832,938728096,309258473,111190000,279759440
327.7239999771118,drive,741956832,938728096,309316109,111340000,279759440
328.74000000953674,drive,741956832,938728096,309129725,110890000,279775824
329.75,drive,741973216,938728096,309129725,111040000,279759440
330.75,drive,741973216,938728096,308841545,110290000,279759440
331.7649998664856,drive,741973216,938728096,308783909,110140000,279759440
332.7699999809265,drive,741973216,938728096,308539889,109510000,279775824
333.77699995040894,drive,741973216,938728096,308468777,109170000,279906896
334.7869999408722,drive,741874912,938728096,308353505,108870000,279759440
335.7939999103546,drive,741858528,938728096,308180597,108270000,279759440
336.8029999732971,drive,741858528,938728096,308238233,108420000,279775824
337.81500005722046,drive,741956832,938728096,308295869,108390000,280005200
338.81900000572205,drive,741891296,938728096,308282393,108360000,279808592
339.83200001716614,drive,741612768,938728096,308282393,108330000,279808592
340.8510000705719,drive,741612768,938728096,308224757,108140000,279808592
341.84500002861023,drive,808770856,938728096,308224757,108140000,279824976
342.8489999771118,drive,741694760,938728096,308224757,107590000,279759440
343.856999874115,drive,741711144,938728096,308224757,107590000,279759440
344.8729999065399,drive,741711144,938728096,308169293,107460000,279759440
345.87400007247925,drive,741711144,938728096,308182769,107500000,279759440
346.88499999046326,drive,741809448,938728096,308217425,107590000,279743056
347.88100004196167,drive,741793064,938728096,308217425,107590000,279743056
348.8989999294281,drive,741793064,938728096,308121833,107390000,279726672
349.9029998779297,drive,741793064,938728096,308118953,107390000,279726672
350.914999961853,drive,742612264,938728096,308047841,107200000,279710288
351.91799998283386,drive,741907752,938728096,307976729,107110000,279710288
352.93300008773804,drive,741907752,938728096,307990205,107140000,279710288
353.9430000782013,drive,741350696,938728096,307990205,107170000,279824976
354.9500000476837,drive,741580072,938728096,307963253,107100000,279693904
355.95300006866455,drive,741580072,938728096,307963253,107100000,279693904
356.960000038147,drive,741350696,938728096,307990205,107370000,279693904
357.9739999771118,drive,741350696,938728096,308074793,107590000,279743056
358.9839999675751,drive,741367080,938728096,308203541,107920000,279906896
359.9930000305176,drive,741432616,938728096,308318813,108370000,279743056
361.00499987602234,drive,741399848,938728096,308434085,108670000,279759440
362.00499987602234,drive,741317928,938728096,308491721,109040000,279759440
363.0079998970032,drive,741317928,938728096,308664629,109490000,279759440
364.0149998664856,drive,741317928,938728096,308664629,109640000,279906896
365.0420000553131,drive,741317928,938728096,308895173,110090000,279759440
366.02999997138977,drive,741317928,938728096,308837537,109790000,279743056
367.0439999103546,drive,741317928,938728096,309187361,110090000,279906896
368.05099987983704,drive,741350696,938728096,309258473,110420000,279956048
369.0569999217987,drive,741350696,938728096,309258473,110420000,279956048
370.05999994277954,drive,741547304,938728096,309258473,110420000,279956048
371.0639998912811,drive,741432616,938728096,309316109,110570000,279808592
372.0829999446869,drive,741432616,938728096,309258473,110420000,279808592
373.0869998931885,drive,741727528,938728096,309271949,110450000,279759440
374.1010000705719,drive,741891368,938728096,309271949,110450000,280693328
375.10199999809265,drive,741989672,938728096,309271949,110450000,280693328
376.10199999809265,drive,741956904,938728096,309271949,110450000,280693328
377.12400007247925,drive,741973288,938728096,309271949,110450000,279972432
378.12400007247925,drive,741956904,938728096,309271949,110450000,279972432
379.12800002098083,drive,741973288,938728096,309271949,110450000,279906896
380.1319999694824,drive,745266472,938728096,309271949,110450000,279759440
381.14400005340576,drive,742284584,938728096,309337073,110620000,280103504
382.13899993896484,drive,742268200,938728096,309337073,110620000,279841360
383.14299988746643,drive,742038824,938728096,309337073,110620000,279841360
384.15700006484985,drive,742104360,938728096,309337073,110620000,279841360
385.1559998989105,drive,742104360,938728096,309394709,110770000,279857744
386.1559998989105,drive,742071592,938728096,309394709,110770000,280709712
387.1710000038147,drive,741973288,938728096,309394709,110770000,280709712
388.1800000667572,drive,759700800,938728096,309394709,110770000,280726096
389.19000005722046,drive,759717184,938728096,309387605,110900000,280005200
390.20099997520447,drive,742808896,938728096,309387605,110900000,280005200
391.2039999961853,drive,742137152,938728096,309214697,110450000,280021584
392.20099997520447,drive,742137152,938728096,309329969,110750000,279857744
393.2149999141693,drive,742169920,938728096,309157061,110340000,280037968
394.22699999809265,drive,742137152,938728096,309157061,110490000,279857744
395.2409999370575,drive,742088000,938728096,308811245,109580000,279874128
396.2349998950958,drive,742088000,938728096,308811245,109580000,279857744
397.2409999370575,drive,742071616,938728096,308509589,108800000,279874128
398.25099992752075,drive,742071616,938728096,308496113,108620000,279857744
399.2539999485016,drive,742694208,938728096,308380841,108320000,280152656
400.2660000324249,drive,742677824,938728096,308207933,107720000,280201808
401.2660000324249,drive,742677824,938728096,308065709,107350000,280201808
402.279000043869,drive,742563136,938728096,307923485,106840000,280349264
403.2869999408722,drive,742595904,938728096,307781261,106470000,280201808
404.29699993133545,drive,742579520,938728096,307639037,106100000,280201808
405.3050000667572,drive,742579520,938728096,307474925,105690000,280218192
406.31699991226196,drive,742546752,938728096,307346177,105360000,280201808
407.3129999637604,drive,742563136,938728096,307310813,105280000,280398416
408.31699991226196,drive,742546752,938728096,307283861,105210000,280218192
409.3090000152588,drive,742546752,938728096,307283861,106240000,280234576
410.3329999446869,drive,744086848,938728096,307283861,106240000,280382032
411.3380000591278,drive,743939392,938728096,307283861,106240000,280382032
412.3359999656677,drive,743923008,938728096,307283861,106240000,280382032
413.34100008010864,drive,743890240,938728096,307283861,106240000,280234576
414.345999956131,drive,743890240,938728096,307283861,106270000,280234576
415.3580000400543,drive,743890240,938728096,307241873,106180000,280316496
416.3680000305176,drive,743890240,938728096,307241873,106180000,280218192
417.37199997901917,drive,743890240,938728096,307241873,106180000,280218192
418.36699986457825,drive,743890240,938728096,307241873,106180000,280218192
419.38499999046326,drive,743824704,938728096,307241873,106180000,280218192
420.39800000190735,drive,742268224,938728096,307241873,106180000,280218192
421.40499997138977,drive,742169920,938728096,307241873,106180000,280152656
422.4140000343323,drive,742169920,938728096,307241873,106180000,280152656
423.42199993133545,drive,742284608,938728096,307255349,106180000,280169040
424.4359998703003,drive,742284608,938728096,307255349,106180000,280152656
425.4379999637604,drive,742284608,938728096,307255349,106180000,280152656
426.4409999847412,drive,742284608,938728096,307255349,106180000,280152656
427.4519999027252,drive,742284608,938728096,307217393,106100000,280152656
428.4539999961853,drive,742317376,938728096,307226897,106120000,280185424
429.4609999656677,drive,742432064,938728096,307120001,105880000,280300112
430.4830000400543,drive,742382912,938728096,307120001,105880000,280136272
431.4739999771118,drive,742382912,938728096,307093049,105870000,280054352
432.481999874115,drive,742382912,938728096,307164161,106300000,280087120
433.4909999370575,drive,742300992,938728096,307208321,106230000,280136272
434.4930000305176,drive,742300992,938728096,307239005,106310000,280152656
435.5160000324249,drive,742300992,938728096,307296641,106550000,280021584
436.50999999046326,drive,742317376,938728096,307018221,106730000,280021584
437.52099990844727,drive,742317376,938728096,307089333,106910000,280037968
438.52999997138977,drive,742432064,938728096,307146969,107060000,280119888
439.53600001335144,drive,742415680,938728096,307204605,107250000,280021584
440.539999961853,drive,742415680,938728096,307262241,107400000,280021584
441.5529999732971,drive,742481216,938728096,307319877,107550000,280037968
442.5609998703003,drive,742481216,938728096,307377513,107700000,280169040
443.5639998912811,drive,742939968,938728096,307435149,107850000,279972432
444.57299995422363,drive,742694208,938728096,307492785,108000000,279972432
445.59699988365173,drive,742710592,938728096,307754289,108660000,280267344
446.57999992370605,drive,742710592,938728096,307754289,108660000,280119888
447.5829999446869,drive,742710592,938728096,307754289,108660000,280119888
448.5869998931885,drive,742710592,938728096,307811925,108810000,279988816
449.595999956131,drive,742726976,938728096,307869561,108960000,280119888
450.60599994659424,drive,742907200,938728096,307896513,109030000,279972432
451.61299991607666,drive,742939968,938728096,307896513,109030000,280021584
452.61100006103516,drive,743955776,938728096,,,280906320
453.6210000514984,drive,844701088,938728096,307896513,109030000,280906320
454.63899993896484,drive,742825376,938728096,307896513,109030000,280906320
455.6510000228882,drive,742858144,938728096,307896513,109030000,280185424
456.64599990844727,drive,742858144,938728096,307896513,109030000,280349264
457.66100001335144,drive,743382432,938728096,307896513,109030000,280119888
458.664999961853,drive,742907296,938728096,307896513,109030000,279972432
459.67199993133545,drive,742940064,938728096,307896513,109030000,279972432
460.67899990081787,drive,742792608,938728096,307961637,109200000,279972432
461.6870000362396,drive,742792608,938728096,307961637,109200000,279988816
462.70099997520447,drive,742792608,938728096,307961637,109200000,279972432
463.710000038147,drive,742792608,938728096,307961637,109200000,279972432
464.7039999961853,drive,743316896,938728096,307961637,109200000,281152080
465.71600008010864,drive,743316896,938728096,307961637,109200000,281135696
466.7109999656677,drive,743316896,938728096,308311169,109200000,281135696
467.7449998855591,drive,743153056,938728096,308311169,109200000,280414800
468.7279999256134,drive,743153056,938728096,308361317,109030000,280529488
469.7330000400543,drive,743120288,938728096,308303681,108880000,280414800
470.7369999885559,drive,743153056,938728096,308246045,108730000,280267344
471.7409999370575,drive,743153056,938728096,308246045,108730000,280267344
472.74199986457825,drive,743153056,938728096,308130773,108430000,280267344
473.7449998855591,drive,743153056,938728096,308130773,108430000,280267344
474.75300002098083,drive,743169440,938728096,307957865,107980000,280283728
475.7660000324249,drive,743185824,938728096,307957865,107980000,280267344
476.76200008392334,drive,743234976,938728096,307771481,107490000,280382032
477.7779998779297,drive,743267744,938728096,307771481,107490000,280267344
478.7760000228882,drive,743267744,938728096,307713845,107340000,280267344
479.7869999408722,drive,743267744,938728096,307598573,107040000,280283728
480.7980000972748,drive,743267744,938728096,307656209,107190000,280267344
481.80599999427795,drive,743267744,938728096,307713845,107340000,280267344
482.80099987983704,drive,743284128,938728096,307771481,107490000,280267344
483.8120000362396,drive,743284128,938728096,307829117,107640000,280267344
484.8220000267029,drive,743284128,938728096,307886753,107800000,280283728
485.8329999446869,drive,743284128,938728096,307944389,107950000,280250960
486.8369998931885,drive,743185824,938728096,308002025,108100000,280250960
487.84500002861023,drive,743136672,938728096,308059661,108250000,280250960
488.84500002861023,drive,743136672,938728096,308059661,108250000,280250960
489.86100006103516,drive,743153056,938728096,308059661,108250000,280382032
490.86299991607666,drive,743251360,938728096,307944389,108100000,280250960
491.86500000953674,drive,743202208,938728096,308002025,108100000,280250960
492.8770000934601,drive,743234976,938728096,307944389,107950000,280250960
493.8829998970032,drive,743234976,938728096,307886753,107800000,279104080
494.88100004196167,drive,743234976,938728096,307829117,107640000,279104080
495.8880000114441,drive,743234976,938728096,307599805,106040000,279120464
496.90199995040894,drive,743251360,938728096,307471057,105710000,279104080
497.90700006484985,drive,743202208,938728096,307471057,105710000,279104080
498.9100000858307,drive,743136672,938728096,307355785,105410000,279104080
499.92400002479553,drive,743136672,938728096,307426897,105590000,279120464
500.93499994277954,drive,743169440,938728096,307426897,105590000,279104080
501.93499994277954,drive,743153056,938728096,307484533,105740000,279104080
502.94000005722046,drive,743120288,938728096,307542169,105890000,279153232
503.95499992370605,drive,743300512,938728096,307599805,106040000,279169616
504.9609999656677,drive,743267744,938728096,307657441,106200000,279300688
505.97000002861023,drive,743284128,938728096,307715077,106350000,279153232
506.9830000400543,drive,743284128,938728096,307772713,106500000,279153232
507.9839999675751,drive,743284128,938728096,307772713,106500000,279104080
508.97900009155273,drive,743284128,938728096,307830349,106650000,279104080
510.00099992752075,drive,743316896,938728096,307772713,106500000,279104080
511.0020000934601,drive,743251360,938728096,307772713,106500000,279104080
512.010999917984,drive,743251360,938728096,307715077,106350000,279104080
513.0220000743866,drive,743251360,938728096,307657441,106200000,279120464
514.0250000953674,drive,743251360,938728096,307599805,106040000,279186000
515.0329999923706,drive,743251360,938728096,307542169,105890000,279104080
516.0420000553131,drive,743284128,938728096,307471057,105710000,279104080
517.0480000972748,drive,743284128,938728096,307413421,105560000,279104080
518.055999994278,drive,743857568,938728096,307355785,105410000,279415376
519.0629999637604,drive,743824800,938728096,307284673,105690000,279562832
520.0789999961853,drive,743693728,938728096,307213561,105510000,279398992
521.0869998931885,drive,743660960,938728096,307142449,105320000,279415376
522.1029999256134,drive,743660960,938728096,307071337,105140000,279398992
523.0950000286102,drive,743677344,938728096,307013701,104990000,279595600
524.1019999980927,drive,743660960,938728096,306914077,104750000,279398992
525.1119999885559,drive,743660960,938728096,306889597,104700000,279398992
526.1180000305176,drive,743660960,938728096,306876121,104670000,279398992
527.1299998760223,drive,743660960,938728096,306876121,104670000,279398992
528.1410000324249,drive,743660960,938728096,306866617,104680000,279398992
529.1399998664856,drive,743660960,938728096,306904573,104760000,279398992
530.1519999504089,drive,743562656,938728096,306865237,104670000,279415376
531.164999961853,drive,743513504,938728096,306865237,104670000,279398992
532.1730000972748,drive,743513504,938728096,306922873,104910000,279398992
533.1840000152588,drive,743562656,938728096,306993985,105120000,279398992
534.1879999637604,drive,743595424,938728096,306980509,105090000,279415376
535.2030000686646,drive,743595424,938728096,307082305,105350000,279398992
536.2079999446869,drive,743595424,938728096,307082305,105410000,279398992
537.2170000076294,drive,743595424,938728096,307153417,105770000,279398992
538.2230000495911,drive,743579040,938728096,307224529,105770000,279415376
539.2149999141693,drive,743644576,938728096,307282165,105920000,279398992
540.2279999256134,drive,743644576,938728096,307339801,106110000,279546448
541.2419998645782,drive,743644576,938728096,307397437,106260000,279398992
542.2409999370575,drive,743644576,938728096,307455073,106410000,279398992
543.2539999485016,drive,743644576,938728096,307512709,106560000,279415376
544.2569999694824,drive,743595424,938728096,307570345,106710000,279415376
545.2669999599457,drive,743595424,938728096,307627981,106860000,279398992
546.2699999809265,drive,743595424,938728096,307570345,106710000,279398992
547.2769999504089,drive,743595424,938728096,307627981,106860000,279398992
548.2850000858307,drive,743611808,938728096,307570345,106710000,279398992
549.2829999923706,drive,743611808,938728096,307570345,106710000,279317072
550.2990000247955,drive,743611808,938728096,307512709,106560000,279317072
551.3020000457764,drive,743611808,938728096,307455073,106410000,279317072
552.3090000152588,drive,743611808,938728096,307168125,104660000,279317072
553.3039999008179,drive,743513504,938728096,307110489,104510000,279317072
554.3139998912811,drive,743513504,938728096,307052853,104360000,279317072
555.3150000572205,drive,743513504,938728096,307008693,104210000,279317072
556.3209998607635,drive,743710112,938728096,307008693,104210000,279333456
557.3339998722076,drive,743742880,938728096,307008693,104210000,279317072
558.3429999351501,drive,743742880,938728096,307008693,104210000,279317072
559.345999956131,drive,743710112,938728096,307008693,104210000,279317072
560.3559999465942,drive,743710112,938728096,307008693,104210000,279333456
561.3689999580383,drive,743710112,938728096,307008693,104210000,279317072
562.3689999580383,drive,743775648,938728096,307008693,104210000,279317072
563.3619999885559,drive,743792032,938728096,307066329,104510000,279480912
564.3759999275208,drive,743792032,938728096,307123965,104510000,279317072
565.3819999694824,drive,743792032,938728096,307181601,104660000,279317072
566.3899998664856,drive,743677344,938728096,307239237,104810000,279333456
567.4029998779297,drive,743529888,938728096,307296873,104960000,279317072
568.4089999198914,drive,743529888,938728096,307354509,105110000,279317072
569.4100000858307,drive,743529888,938728096,307412145,105260000,279317072
570.4210000038147,drive,743529888,938728096,307354509,105110000,279333456
571.4270000457764,drive,743513504,938728096,307412145,105260000,279480912
572.4370000362396,drive,743546272,938728096,307354509,105110000,279317072
573.4389998912811,drive,743546272,938728096,307354509,105110000,279317072
574.4519999027252,drive,743579040,938728096,307239237,104810000,279317072
575.4579999446869,drive,743546272,938728096,307239237,104810000,279366224
576.4730000495911,drive,743546272,938728096,307181601,104660000,279317072
577.4730000495911,drive,743562656,938728096,307123965,104510000,279317072
578.4809999465942,drive,743562656,938728096,307066329,104360000,279317072
579.4839999675751,drive,744086944,938728096,307008693,104210000,279611984
580.4879999160767,drive,744349088,938728096,306951057,104480000,279628368
581.4960000514984,drive,744136096,938728096,306893421,104330000,279759440
582.5049998760223,drive,744103328,938728096,306822309,104150000,279611984
583.5139999389648,drive,744103328,938728096,306751197,103970000,279611984
584.5130000114441,drive,744054176,938728096,306693561,103760000,279611984
585.5239999294281,drive,744054176,938728096,306649401,103650000,279775824
586.5209999084473,drive,744054176,938728096,306649401,103620000,279628368
587.5320000648499,drive,744054176,938728096,306635925,103590000,279611984
588.5439999103546,drive,744054176,938728096,306635925,103530000,279611984
589.5520000457764,drive,744054176,938728096,306649401,103560000,279628368
590.5599999427795,drive,744086944,938728096,306637305,103540000,279775824
591.566999912262,drive,744119712,938728096,306623829,103510000,279611984
592.5739998817444,drive,744119712,938728096,306623829,103510000,279611984
593.5769999027252,drive,744119712,938728096,306681465,103710000,279611984
594.5939998626709,drive,744119712,938728096,306763581,103910000,279775824
595.5980000495911,drive,744086944,938728096,306807741,104030000,279611984
596.5969998836517,drive,744119712,938728096,306865377,104180000,279726672
597.6089999675751,drive,744103328,938728096,307350953,104450000,279611984
598.6089999675751,drive,744103328,938728096,307422065,104630000,279611984
599.6119999885559,drive,744103328,938728096,307493177,104820000,279611984
600.614000082016,drive,744103328,938728096,307493177,104970000,279611984
601.6180000305176,drive,744086944,938728096,307608449,105270000,279611984
602.6240000724792,drive,744086944,938728096,307608449,105480000,279693904
603.635999917984,drive,744119712,938728096,307666085,105630000,279611984
604.6429998874664,drive,744119712,938728096,307723721,105780000,279186000
605.6429998874664,drive,744119712,938728096,307781357,106080000,279186000
606.6870000362396,drive,744103328,938728096,307838993,106120000,279202384
607.6579999923706,drive,744103328,938728096,307896629,106420000,279202384
608.6589999198914,drive,744103328,938728096,307838993,106270000,279284304
609.6679999828339,drive,744054176,938728096,307896629,106420000,279186000
610.670000076294,drive,744054176,938728096,307838993,106270000,279186000
611.6719999313354,drive,744054176,938728096,307838993,106300000,279186000
612.6900000572205,drive,744054176,938728096,307781357,106150000,279202384
613.7009999752045,drive,744086944,938728096,307723721,106000000,279186000
614.710000038147,drive,744054176,938728096,307666085,105850000,279186000
615.7149999141693,drive,744070560,938728096,307608449,105510000,279186000
616.720999956131,drive,744070560,938728096,307550813,105360000,279202384
617.7330000400543,drive,744070560,938728096,307143645,105060000,279235152
618.7419998645782,drive,744070560,938728096,307072533,104880000,279235152
619.7479999065399,drive,744070560,938728096,307014897,104550000,279235152
620.7530000209808,drive,744070560,938728096,306943785,104370000,279251536
621.7639999389648,drive,744086944,938728096,306872673,104030000,279431760
622.7739999294281,drive,744070560,938728096,306777081,103800000,279235152
623.7839999198914,drive,744070560,938728096,306746397,103680000,279235152
624.7850000858307,drive,744037792,938728096,306747489,103690000,279235152
625.7990000247955,drive,744037792,938728096,306734013,103660000,279235152
626.7960000038147,drive,744037792,938728096,306734013,103660000,279398992
627.8099999427795,drive,744037792,938728096,,,279398992
628.8199999332428,drive,744201632,938728096,,,279398992
629.8220000267029,drive,744136096,938728096,,,279398992
630.8280000686646,drive,744136096,938728096,306734013,103830000,279398992
631.8469998836517,settle-1,744447392,744447392,306785505,103830000,279333456
632.845999956131,settle-1,744250784,744512928,306785505,103830000,279497296
633.8540000915527,settle-1,744234400,744512928,306785505,103830000,279333456
634.8610000610352,settle-1,744267168,744512928,306785505,103830000,279530064
635.8559999465942,settle-1,744267168,744512928,306785505,103830000,279530064
636.8689999580383,settle-1,744234400,744512928,306785505,103830000,279530064
637.8789999485016,settle-1,744250784,744512928,306785505,103830000,279546448
638.8870000839233,settle-1,744234400,744512928,306785505,103830000,279366224
639.8989999294281,settle-1,744218016,744512928,306785505,103830000,279366224
640.8959999084473,settle-1,744234400,744512928,306785505,103830000,279366224
641.904000043869,settle-1,743103904,744512928,306785505,103830000,279382608
642.9119999408722,settle-1,743153056,744512928,306785505,103830000,279530064
643.9210000038147,settle-1,743136672,744512928,306785505,103830000,279366224
644.9240000247955,settle-1,743136672,744512928,306785505,103830000,279300688
645.9289999008179,settle-1,743038368,744512928,306785505,103830000,279300688
646.9359998703003,settle-1,743021984,744512928,306785505,103830000,279333456
647.944000005722,drive,743021984,743021984,306743517,103810000,279530064
648.954999923706,drive,743038368,743202208,306770469,103840000,279317072
649.9630000591278,drive,743038368,743202208,306811305,103930000,279317072
650.9649999141693,drive,743038368,743202208,306797829,103900000,279317072
651.9739999771118,drive,743038368,743202208,306797829,103900000,279333456
652.9849998950958,drive,743021984,743202208,306940053,104370000,279317072
653.9960000514984,drive,743218592,743300512,307082277,104820000,279317072
654.9969999790192,drive,743087520,743333280,307170597,105050000,279317072
655.9990000724792,drive,743071136,743333280,307285869,105350000,279317072
657.0130000114441,drive,743087520,743333280,307428093,105860000,279415376
658.0169999599457,drive,743071136,743333280,307570317,106230000,279317072
659.0190000534058,drive,743103904,743333280,307570317,106530000,279317072
660.0260000228882,drive,743202208,743333280,307800861,106830000,279317072
661.0309998989105,drive,743316896,743480736,307800861,106890000,279317072
662.0409998893738,drive,743251360,743480736,307916133,107490000,279333456
663.0490000247955,drive,743251360,743480736,308031405,107490000,279317072
664.0569999217987,drive,743267744,743480736,308146677,107790000,279317072
665.0659999847412,drive,743382432,743529888,308261949,108090000,279317072
666.0789999961853,drive,743398816,743546272,308377221,108390000,279415376
667.0810000896454,drive,743415200,743562656,308261949,108090000,279317072
668.0839998722076,drive,743398816,743562656,308377221,108390000,279317072
669.0969998836517,drive,743382432,743562656,308261949,108090000,279317072
670.106999874115,drive,743382432,743562656,308261949,108090000,279333456
671.1150000095367,drive,743382432,743562656,308031405,107490000,279317072
672.1219999790192,drive,743382432,743562656,308031405,107490000,279317072
673.1270000934601,drive,743366048,743562656,307800861,106890000,279317072
674.1370000839233,drive,743366048,743562656,307800861,106890000,279333456
675.1449999809265,drive,743185824,743562656,307685589,106590000,279431760
676.1559998989105,drive,743169440,743562656,307597269,106290000,279333456
677.162999868393,drive,743169440,743562656,307668381,106480000,279333456
678.1610000133514,drive,743169440,743562656,307739493,106660000,279333456
679.1789999008179,drive,743185824,743562656,307739493,106630000,279611984
680.1819999217987,drive,743202208,743562656,307739493,106630000,279317072
681.1740000247955,drive,743218592,743562656,307681857,106510000,279415376
682.1689999103546,drive,743251360,743562656,307681857,106510000,279333456
683.1719999313354,drive,743234976,743562656,307681857,105480000,279333456
684.2039999961853,drive,748330400,751328672,307681857,105480000,279333456
685.210000038147,drive,749362592,751328672,307668381,105370000,279317072
686.210000038147,drive,749215136,751328672,307681857,105400000,279317072
687.2130000591278,drive,744021408,751328672,307695333,105340000,279382608
688.2139999866486,drive,744021408,751328672,307752969,105460000,279382608
689.2269999980927,drive,744021408,751328672,307611837,105130000,279546448
690.2269999980927,drive,744021408,751328672,307669473,105280000,279530064
691.2400000095367,drive,744021408,751328672,307697985,105320000,279382608
692.2419998645782,drive,744005024,751328672,307626873,105140000,279382608
693.2520000934601,drive,744005024,751328672,307555761,104960000,279398992
694.2660000324249,drive,744005024,751328672,307569237,105070000,279382608
695.2739999294281,drive,743251360,751328672,307569237,105090000,279382608
696.2929999828339,drive,743251360,751328672,307542285,105030000,279497296
697.2929999828339,drive,743153056,751328672,307542285,105030000,279497296
698.3029999732971,drive,743153056,751328672,307555761,105120000,279382608
699.305999994278,drive,743153056,751328672,307555761,105120000,279382608
700.3209998607635,drive,743251360,751328672,307542285,105090000,279398992
701.3129999637604,drive,743234976,751328672,307528809,105050000,279382608
702.3320000171661,drive,743234976,751328672,307515333,105050000,279382608
703.3429999351501,drive,743234976,751328672,307477377,104970000,279382608
704.3450000286102,drive,743234976,751328672,307477377,104940000,279382608
705.3499999046326,drive,743218592,751328672,307521537,105000000,279382608
706.364000082016,drive,743234976,751328672,307565697,105110000,279382608
707.3629999160767,drive,743251360,751328672,307565697,105110000,279480912
708.3819999694824,drive,743234976,751328672,307565697,105050000,279382608
709.385999917984,drive,743234976,751328672,307552221,105000000,279398992
710.3989999294281,drive,743234976,751328672,307481109,104820000,279382608
711.4119999408722,drive,743234976,751328672,307423473,104670000,279382608
712.412999868393,drive,743234976,751328672,307365837,104490000,279382608
713.433000087738,drive,743234976,751328672,307078889,103880000,279382608
714.4270000457764,drive,743234976,751328672,306994301,103660000,279464528
715.4359998703003,drive,743234976,751328672,306994301,103660000,279366224
716.4430000782013,drive,743234976,751328672,306892505,103360000,279366224
717.4379999637604,drive,743136672,751328672,306892505,103360000,279366224
718.4500000476837,drive,743136672,751328672,306892505,103360000,279366224
719.481999874115,drive,743136672,751328672,306892505,103360000,279366224
720.4589998722076,drive,743136672,751328672,306892505,103360000,279595600
721.4719998836517,drive,743136672,751328672,306892505,103360000,279366224
722.4909999370575,drive,743153056,751328672,306892505,103360000,279579216
723.5,drive,743153056,751328672,307007777,103660000,279284304
724.5139999389648,drive,743153056,751328672,307007777,103660000,279284304
725.5160000324249,drive,743153056,751328672,307065413,103810000,279284304
726.5230000019073,drive,743120288,751328672,307136525,103990000,279300688
727.5269999504089,drive,743087520,751328672,307207637,104180000,279497296
728.5429999828339,drive,743169440,751328672,307265273,104330000,279284304
729.5520000457764,drive,743169440,751328672,307322909,104480000,279284304
730.558000087738,drive,743267744,751328672,307551929,104990000,279644752
731.5590000152588,drive,743251360,751328672,307551929,104990000,279890512
732.566999912262,drive,743284128,751328672,307551929,104990000,279628368
733.5820000171661,drive,743284128,751328672,307609565,105180000,279480912
734.585000038147,drive,743267744,751328672,307667201,105330000,279480912
735.5980000495911,drive,743480736,751328672,307694153,105390000,279677520
736.5910000801086,drive,743464352,751328672,307694153,105390000,279415376
737.6119999885559,drive,743464352,751328672,307694153,105390000,280545872
738.6229999065399,drive,743464352,751328672,307694153,105390000,280300112
739.6270000934601,drive,743464352,751328672,307694153,105390000,280283728
740.6410000324249,drive,743447968,751328672,307694153,105390000,279562832
741.6500000953674,drive,743464352,751328672,307694153,105390000,279562832
742.6489999294281,drive,743464352,751328672,307694153,105390000,279562832
743.6659998893738,drive,743480736,751328672,307694153,105390000,279743056
744.6740000247955,drive,743775648,751328672,307759277,105560000,279611984
745.6900000572205,drive,743497120,751328672,307759277,105560000,279546448
746.7009999752045,drive,743464352,751328672,307759277,105560000,279546448
747.6970000267029,drive,743464352,751328672,307759277,105560000,280414800
748.7079999446869,drive,743415200,751328672,307759277,105560000,280414800
749.7239999771118,drive,743431584,751328672,307751789,105390000,280349264
750.7400000095367,drive,743398816,751328672,307694153,105240000,279644752
751.7560000419617,drive,743366048,751328672,307636517,105120000,279628368
752.7569999694824,drive,743366048,751328672,307707629,105270000,279628368
753.7630000114441,drive,743398816,751328672,307615337,105030000,279562832
754.7739999294281,drive,743300512,751328672,307615337,105030000,279644752
755.7829999923706,drive,743382432,751328672,307442429,104630000,279562832
756.795000076294,drive,743153056,751328672,307513541,104820000,279562832
757.8039999008179,drive,743153056,751328672,307398269,104580000,279644752
758.8199999332428,drive,743218592,751328672,307455905,104730000,279628368
759.8220000267029,drive,743234976,751328672,307469381,104810000,279628368
760.8259999752045,drive,743234976,751328672,307425221,105150000,279693904
761.8289999961853,drive,743234976,751328672,307425221,105150000,279759440
762.8510000705719,drive,743234976,751328672,307411745,105120000,279759440
763.8439998626709,drive,743234976,751328672,307398269,105120000,279923280
764.856999874115,drive,743234976,751328672,307384793,105090000,279759440
765.8659999370575,drive,743218592,751328672,307358933,105030000,279759440
766.875,drive,743218592,751328672,307358933,105030000,279923280
767.8789999485016,drive,743234976,751328672,307407065,105160000,279906896
768.8880000114441,drive,743218592,751328672,307451225,105270000,279759440
769.8899998664856,drive,743202208,751328672,307901613,105870000,280070736
770.914999961853,drive,743218592,751328672,307928565,105940000,280382032
771.904000043869,drive,743202208,751328672,307928565,105940000,280136272
772.9179999828339,drive,743202208,751328672,307986201,106120000,279972432
773.9230000972748,drive,743202208,751328672,308043837,106270000,279972432
774.9279999732971,drive,743398816,751328672,308043837,106270000,279972432
775.9270000457764,drive,743398816,751328672,308057313,106310000,279906896
776.9489998817444,drive,743415200,751328672,308057313,106310000,280234576
777.960000038147,drive,743513504,751328672,308070789,106340000,280283728
778.9689998626709,drive,743497120,751328672,308070789,106340000,280857168
779.9739999771118,drive,742923680,751328672,308070789,106340000,280857168
780.9760000705719,drive,742808992,751328672,308070789,106340000,280136272
781.9809999465942,drive,742808992,751328672,308070789,106340000,280136272
782.9900000095367,drive,742808992,751328672,308070789,106340000,280136272
784.0020000934601,drive,742825376,751328672,308070789,106340000,280578640
785.0179998874664,drive,742628768,751328672,308070789,106340000,280414800
786.0260000228882,drive,742645152,751328672,308135913,106510000,280136272
787.0360000133514,drive,742661536,751328672,308135913,106510000,279988816
788.0429999828339,drive,742645152,751328672,308135913,106510000,280037968
789.0429999828339,drive,742645152,751328672,308135913,106510000,280906320
790.0520000457764,drive,742645152,751328672,308135913,106510000,280906320
791.055999994278,drive,742612384,751328672,308135913,106510000,280906320
792.0720000267029,drive,742579616,751328672,308186061,106340000,280185424
793.0820000171661,drive,742579616,751328672,308128425,106190000,280119888
794.0920000076294,drive,742579616,751328672,308019357,105960000,280283728
795.1019999980927,drive,742579616,751328672,308032833,105960000,279956048
796.1119999885559,drive,742514080,751328672,307898553,105620000,279972432
797.114000082016,drive,742514080,751328672,307885077,105580000,279972432
798.1169998645782,drive,742481312,751328672,307698693,105160000,279972432
799.1349999904633,drive,742579616,751328672,307769805,105340000,279972432
800.1449999809265,drive,742661536,751328672,307641057,105070000,279972432
801.1559998989105,drive,742612384,751328672,307685217,105190000,279988816
802.1519999504089,drive,742612384,751328672,307641057,105120000,280005200
803.1589999198914,drive,742612384,751328672,307654533,105150000,280103504
804.1719999313354,drive,742612384,751328672,307654533,105150000,279972432
805.1840000152588,drive,742612384,751328672,307641057,105120000,280021584
806.1959998607635,drive,742628768,751328672,307627581,105120000,280119888
807.1949999332428,drive,742628768,751328672,307614105,105090000,280119888
808.1930000782013,drive,742612384,751328672,307588245,105030000,280136272
809.2000000476837,drive,742612384,751328672,307574769,104990000,280021584
810.2089998722076,drive,742612384,751328672,307609425,105090000,279956048
811.2300000190735,drive,742612384,751328672,307653585,105210000,279956048
812.239000082016,drive,742612384,751328672,307874661,105810000,280119888
813.2479999065399,drive,742579616,751328672,307901613,105870000,280119888
814.2509999275208,drive,742579616,751328672,307901613,105870000,280119888
815.2660000324249,drive,742596000,751328672,307959249,106020000,280169040
816.2779998779297,drive,742579616,751328672,308016885,106170000,279972432
817.2820000648499,drive,742776224,751328672,308043837,106240000,279972432
818.2839999198914,drive,742776224,751328672,308043837,106240000,280840784
819.2809998989105,drive,742825376,751328672,308043837,106240000,281037392
820.2909998893738,drive,742776224,751328672,308043837,106240000,280840784
821.3090000152588,drive,742792608,751328672,308043837,106240000,280119888
822.3069999217987,drive,742940064,751328672,308043837,106240000,280119888
823.3199999332428,drive,742808992,751328672,308043837,106240000,280119888
824.329999923706,drive,742808992,751328672,308043837,106240000,280218192
825.3250000476837,drive,742808992,751328672,308043837,106240000,280119888
826.3380000591278,drive,742759840,751328672,308108961,106410000,279972432
827.3450000286102,drive,742530464,751328672,308108961,106410000,279972432
828.3420000076294,drive,742530464,751328672,308108961,106410000,280840784
829.3540000915527,drive,742563232,751328672,308108961,106410000,280840784
830.3659999370575,drive,742563232,751328672,308108961,106410000,280840784
831.3650000095367,drive,742530464,751328672,308108961,106410000,280840784
832.3819999694824,drive,742530464,751328672,308108961,106410000,280119888
833.3889999389648,drive,742530464,751328672,308159109,106240000,280136272
834.3910000324249,drive,742530464,751328672,308101473,106090000,280119888
835.4000000953674,drive,742530464,751328672,307992405,105820000,279972432
836.4010000228882,drive,742464928,751328672,307992405,105820000,279972432
837.414999961853,drive,742579616,751328672,307835145,105430000,279972432
838.4230000972748,drive,742530464,751328672,307821669,105400000,279972432
839.4300000667572,drive,742497696,751328672,307635285,104920000,279972432
840.4430000782013,drive,742579616,751328672,307405973,104460000,280087120
841.4560000896454,drive,742579616,751328672,307206113,103940000,279972432
842.460000038147,drive,742596000,751328672,307192637,103910000,279972432
843.4679999351501,drive,742596000,751328672,307019729,103460000,279988816
844.4790000915527,drive,742612384,751328672,307019729,103460000,280169040
845.4839999675751,drive,742596000,751328672,307077365,103610000,279972432
846.4849998950958,drive,742628768,751328672,307135001,103760000,279972432
847.4990000724792,drive,742628768,751328672,307192637,103910000,279972432
848.5060000419617,drive,742628768,751328672,307250273,104060000,279988816
849.5160000324249,drive,742661536,751328672,307307909,104210000,279972432
850.5149998664856,drive,742645152,751328672,307365545,104360000,279972432
851.5260000228882,drive,742628768,751328672,307423181,104510000,279972432
852.5350000858307,drive,742661536,751328672,307480817,104660000,279972432
853.5490000247955,drive,742661536,751328672,307480817,104660000,279972432
854.5590000152588,drive,742661536,751328672,307480817,104660000,279972432
855.5590000152588,drive,742661536,751328672,307423181,104510000,279988816
856.566999912262,drive,742694304,751328672,307423181,104510000,279988816
857.5750000476837,drive,742694304,751328672,307365545,104360000,280185424
858.5839998722076,drive,742694304,751328672,307307909,104210000,279988816
859.5929999351501,drive,742694304,751328672,307250273,104060000,279988816
860.6019999980927,drive,742694304,751328672,307192637,103910000,279972432
861.6169998645782,drive,742694304,751328672,307121525,103730000,279956048
862.6210000514984,drive,742596000,751328672,307063889,103580000,279956048
863.6299998760223,drive,743136672,751328672,307355785,103430000,280250960
864.6289999485016,drive,743136672,751328672,307656209,104070000,280250960
865.635999917984,drive,743136672,751328672,307656209,104070000,280267344
866.6449999809265,drive,743136672,751328672,307713845,104220000,280513104
867.6549999713898,drive,743054752,751328672,307771481,104370000,280250960
868.664999961853,drive,743054752,751328672,307829117,104520000,280250960
869.6770000457764,drive,743120288,751328672,307886753,104670000,280529488
870.6870000362396,drive,743120288,751328672,307944389,104820000,280250960
871.6889998912811,drive,743120288,751328672,308015501,105000000,280250960
872.6949999332428,drive,743120288,751328672,308028977,105030000,280250960
873.704999923706,drive,743120288,751328672,308086613,105180000,280267344
874.7139999866486,drive,743120288,751328672,308086613,105180000,280398416
875.7160000801086,drive,743103904,751328672,308028977,105030000,280398416
876.7230000495911,drive,743103904,751328672,308028977,105030000,280398416
877.7200000286102,drive,743169440,751328672,308028977,105030000,280250960
878.7369999885559,drive,743103904,751328672,307971341,104880000,280267344
879.7300000190735,drive,743103904,751328672,307971341,104880000,280250960
880.7349998950958,drive,743103904,751328672,307971341,104880000,280250960
881.7509999275208,drive,743103904,751328672,307971341,104880000,280250960
882.7569999694824,drive,743071136,751328672,307971341,104880000,280250960
883.7649998664856,drive,743087520,751328672,307971341,104880000,280250960
884.7660000324249,drive,743071136,751328672,307971341,104880000,280250960
885.7690000534058,drive,742940064,751328672,307971341,104880000,280267344
886.7769999504089,drive,742940064,751328672,307971341,104880000,280398416
887.7909998893738,drive,742907296,751328672,307971341,104880000,280250960
888.7960000038147,drive,742923680,751328672,307971341,104880000,280250960
889.7980000972748,drive,742907296,751328672,307971341,104880000,280300112
890.8099999427795,drive,742907296,751328672,308028977,105030000,280513104
891.8199999332428,drive,742907296,751328672,308087445,105330000,280480336
892.8180000782013,drive,742907296,751328672,308087445,105370000,280480336
893.8280000686646,drive,743054752,751328672,308100921,105400000,280480336
894.8420000076294,drive,743071136,751328672,308138877,105630000,280595024
895.8510000705719,drive,743071136,751328672,308081241,105480000,280382032
896.8610000610352,drive,743103904,751328672,308023605,105520000,280382032
897.8619999885559,drive,743087520,751328672,307979445,105490000,280382032
898.8669998645782,drive,743087520,751328672,308050557,105700000,280382032
899.8810000419617,drive,743087520,751328672,307979445,105370000,280382032
900.8889999389648,drive,743087520,751328672,308037081,105520000,280382032
901.8970000743866,drive,743087520,751328672,307935285,105300000,280431184
902.9100000858307,drive,743071136,751328672,308064033,105480000,280644176
903.9140000343323,drive,743087520,751328672,307921809,104970000,280660560
904.9219999313354,drive,743071136,751328672,308037081,105270000,280431184
905.9240000247955,drive,743071136,751328672,307894857,104940000,280119888
906.9319999217987,drive,743415200,751328672,307952493,105090000,280119888
907.944000005722,drive,743234976,751328672,307866345,104880000,280332880
908.954999923706,drive,743366048,751328672,307950933,105090000,280119888
909.9609999656677,drive,743185824,751328672,307957137,105130000,280119888
910.9449999332428,drive,743087520,751328672,308014773,105280000,280152656
911.9539999961853,drive,743087520,751328672,308014773,105280000,280152656
912.9800000190735,drive,743546272,751328672,308014773,105660000,280103504
913.9769999980927,drive,741547424,751328672,307957137,105510000,280365648
914.9930000305176,drive,741514656,751328672,307957137,105510000,280365648
916.0049998760223,drive,741514656,751328672,307957137,105510000,280234576
917.0120000839233,drive,741514656,751328672,307957137,105540000,280087120
918.0090000629425,drive,741481888,751328672,307934157,105490000,280087120
919.0139999389648,drive,741481888,751328672,307934157,105450000,280087120
920.0329999923706,drive,741481888,751328672,307934157,105450000,280267344
921.037999868393,drive,741416352,751328672,307934157,105450000,280087120
922.045000076294,drive,742317472,751328672,307934157,105450000,280087120
923.0480000972748,drive,742186400,751328672,307934157,105450000,280087120
924.0569999217987,drive,741924256,751328672,307934157,105450000,280152656
925.0639998912811,drive,741940640,751328672,307934157,105450000,280283728
926.0650000572205,drive,741940640,751328672,308038461,105450000,280316496
927.079999923706,drive,741907872,751328672,308096097,105600000,280169040
928.0859999656677,drive,741891488,751328672,308096929,105370000,280201808
929.0859999656677,drive,742170016,751328672,308096929,105370000,280398416
930.0899999141693,drive,742219168,751328672,308154565,105970000,280185424
931.0939998626709,drive,742251936,751328672,308154565,106000000,280185424
932.1089999675751,drive,742251936,751328672,308261461,106390000,280447568
933.1099998950958,drive,742251936,751328672,308261461,106390000,280529488
934.0999999046326,drive,742235552,751328672,308164489,106180000,280332880
935.1240000724792,drive,742235552,751328672,308120329,106390000,280332880
936.1180000305176,drive,742415800,751328672,308120329,106390000,280332880
937.1240000724792,drive,742415800,751328672,308249077,106770000,280332880
938.1310000419617,drive,742415800,751328672,308177965,106580000,280332880
939.1310000419617,drive,742415800,751328672,308350873,106890000,280332880
940.1380000114441,drive,741055928,751328672,308235601,106510000,280349264
941.1480000019073,drive,741055928,751328672,308479621,107110000,280332880
942.1500000953674,drive,741055928,751328672,308364349,106660000,280332880
943.162999868393,drive,741055928,751328672,308479621,106960000,280332880
944.1689999103546,drive,741006776,751328672,308437633,106910000,280349264
945.1770000457764,drive,741006776,751328672,308552905,107210000,280463952
946.1879999637604,drive,741006776,751328672,308668177,107510000,280332880
947.1949999332428,drive,741383608,751328672,308745493,107720000,280332880
948.2109999656677,drive,741137848,751328672,308847289,107990000,280431184
949.2179999351501,drive,741121464,751328672,309032149,108510000,280676944
950.2230000495911,drive,741137848,751328672,309032149,108510000,280808016
951.2369999885559,drive,741318072,751328672,309032149,108510000,280824400
952.25,drive,740973984,751328672,309089785,108660000,280660560
953.2419998645782,drive,740990368,751328672,309124441,108750000,280889936
954.2520000934601,drive,741170592,751328672,309125533,108760000,280595024
955.25,drive,741186976,751328672,309125533,108760000,280595024
956.2530000209808,drive,741186976,751328672,309125533,108760000,280595024
957.2590000629425,drive,742399392,751328672,309125533,108760000,280595024
958.2669999599457,drive,741334432,751328672,309125533,108760000,281561680
959.2750000953674,drive,741350816,751328672,309125533,108760000,281692752
960.2939999103546,drive,741301664,751328672,309125533,108760000,280840784
961.300999879837,drive,741318048,751328672,309125533,108760000,280840784
962.2929999828339,drive,741580192,751328672,309125533,108760000,280758864
963.2939999103546,drive,741318048,751328672,309125533,108760000,280758864
964.3099999427795,drive,756260256,757095840,309125533,108760000,280611408
965.319000005722,drive,743202208,758455712,309313969,108970000,280988240
966.3269999027252,drive,743136672,758455712,309313969,108970000,281234000
967.3339998722076,drive,743218592,758455712,309371605,109120000,280988240
968.3289999961853,drive,743169440,758455712,309371605,109120000,281856592
969.335000038147,drive,802627000,802692536,309371605,109120000,281856592
970.3450000286102,drive,741137848,802692536,309371605,109120000,281856592
971.3559999465942,drive,741137848,802692536,309376625,109210000,281168464
972.3629999160767,drive,741170616,802692536,309376625,109210000,281332304
973.375,drive,741219768,802692536,309261353,108910000,281234000
974.3819999694824,drive,741219768,802692536,309318989,109060000,281086544
975.4019999504089,drive,741219768,802692536,309132605,108610000,281086544
976.4110000133514,drive,741154232,802692536,309132605,108760000,281086544
977.412999868393,drive,741154232,802692536,308786789,107860000,281086544
978.4249999523163,drive,741137848,802692536,308786789,107860000,281184848
979.430999994278,drive,741137848,802692536,308485133,106930000,281086544
980.4379999637604,drive,741137848,802692536,308471657,106890000,281086544
981.4509999752045,drive,741137848,802692536,308183477,105990000,281086544
982.4530000686646,drive,741137848,802692536,308183477,105990000,281102928
983.4639999866486,drive,741137848,802692536,308241113,106140000,281086544
984.4670000076294,drive,741137848,802692536,308298749,106110000,281086544
985.4790000915527,drive,741137848,802692536,308285273,106080000,281086544
986.4860000610352,drive,741121464,802692536,308285273,106050000,281102928
987.4960000514984,drive,741105080,802692536,308227637,105860000,281234000
988.4939999580383,drive,741088696,802692536,308227637,105860000,281250384
989.5,drive,741121464,802692536,308227637,105310000,281250384
990.510999917984,drive,741547448,802692536,308227637,105310000,281250384
991.5279998779297,drive,741875152,802692536,308172173,105180000,281086544
992.5420000553131,drive,741858768,802692536,308185649,105210000,281086544
993.5599999427795,drive,741842384,802692536,308176145,105190000,281266768
994.5650000572205,drive,741842384,802692536,308220305,105310000,281086544
995.5750000476837,drive,741842384,802692536,308067077,104960000,281086544
996.5750000476837,drive,741842384,802692536,308124713,105110000,281086544
997.5859999656677,drive,741842384,802692536,308064197,104960000,281102928
998.5999999046326,drive,741842384,802692536,308050721,104920000,281086544
999.5980000495911,drive,741842384,802692536,307979609,104830000,281086544
1000.6050000190735,drive,741842384,802692536,307993085,104860000,281086544
1001.6059999465942,drive,741318072,802692536,307993085,104890000,281086544
1002.6129999160767,drive,741318072,802692536,307966133,104820000,281086544
1003.6150000095367,drive,741318072,802692536,307966133,104820000,281086544
1004.6310000419617,drive,741334456,802692536,307935449,105090000,281250384
1005.6380000114441,drive,741318072,802692536,308077673,105310000,281086544
1006.6389999389648,drive,741334456,802692536,308206421,105640000,281086544
1007.6489999294281,drive,742399416,802692536,308321693,106090000,281086544
1008.6559998989105,drive,741629368,802692536,308379329,106390000,281102928
1009.6710000038147,drive,741629368,802692536,308436965,106760000,281086544
1010.6789999008179,drive,741629368,802692536,308609873,107210000,281086544
1011.683000087738,drive,741629368,802692536,308667509,107210000,281086544
1012.6989998817444,drive,741645752,802692536,308840417,107660000,281250384
1013.7070000171661,drive,741629368,802692536,308840417,107510000,281086544
1014.7119998931885,drive,741629368,802692536,309190241,107810000,281086544
1015.7230000495911,drive,741612984,802692536,309318989,108290000,281365072
1016.7300000190735,drive,741612984,802692536,309261353,108140000,281283152
1017.7339999675751,drive,741612984,802692536,309261353,108140000,281283152
1018.7419998645782,drive,741809592,802692536,309318989,108290000,281135696
1019.7590000629425,drive,741662136,802692536,309261353,108140000,281315920
1020.7649998664856,drive,741842360,802692536,309274829,108170000,281135696
1021.7779998779297,drive,742170040,802692536,309274829,108170000,282184272
1022.7839999198914,drive,742202808,802692536,309274829,108170000,281987664
1023.7939999103546,drive,742661560,802692536,309274829,108170000,281938512
1024.7890000343323,drive,742284728,802692536,309274829,108170000,281938512
1025.8029999732971,drive,742186424,802692536,309274829,108170000,281217616
1026.8199999332428,drive,742186424,802692536,309274829,108170000,281217616
1027.829999923706,drive,742186424,802692536,309274829,108170000,281217616
1028.8310000896454,drive,742219192,802692536,309339953,108340000,281217616
1029.8420000076294,drive,742202808,802692536,309397589,108490000,281365072
1030.8399999141693,drive,742055352,802692536,309397589,108490000,281152080
1031.8540000915527,drive,742055352,802692536,309397589,108490000,281152080
1032.875,drive,742170040,802692536,309397589,108490000,282069584
1033.8689999580383,drive,742120888,802692536,309397589,108490000,281823824
1034.8799998760223,drive,742055352,802692536,309397589,108490000,281823824
1035.8970000743866,drive,742022584,802692536,309390485,108620000,281446992
1036.9079999923706,drive,741973432,802692536,309390485,108620000,281446992
1037.9159998893738,drive,741711288,802692536,309217577,108170000,281217616
1038.9279999732971,drive,741711288,802692536,309332849,108470000,281070160
1039.9370000362396,drive,741694904,802692536,309159941,108060000,281086544
1040.9379999637604,drive,741694904,802692536,309159941,108210000,281086544
1041.9370000362396,drive,741694904,802692536,308814125,107300000,281086544
1042.9570000171661,drive,741760440,802692536,308814125,107300000,281070160
1043.9700000286102,drive,741744056,802692536,308498993,106340000,281086544
1044.9719998836517,drive,741744056,802692536,308498993,106340000,281086544
1045.9830000400543,drive,742268344,802692536,308210813,105440000,281365072
1046.986999988556,drive,743120336,802692536,308210813,105440000,281365072
1048,drive,742301136,802692536,308068589,105070000,281365072
1049.0009999275208,drive,742333904,802692536,307926365,104560000,281397840
1050.0030000209808,drive,742333904,802692536,307784141,104190000,281381456
1051.0149998664856,drive,742333904,802692536,307641917,103820000,281365072
1052.0149998664856,drive,742137296,802692536,307477805,103410000,281365072
1053.0329999923706,drive,742120912,802692536,307349057,103080000,281348688
1054.0329999923706,drive,742088144,802692536,307313693,103000000,281348688
1055.0350000858307,drive,742088144,802692536,307286741,102930000,281365072
1056.029000043869,drive,742186448,802692536,307286741,102930000,281479760
1057.0369999408722,drive,742759888,802692536,307286741,103960000,281479760
1058.0529999732971,drive,743022032,802692536,307286741,103960000,281512528
1059.0639998912811,drive,742923728,802692536,307286741,103960000,281512528
1060.0699999332428,drive,742923728,802692536,307286741,103960000,281528912
1061.079999923706,drive,742923728,802692536,307286741,103990000,281365072
1062.079999923706,drive,742907344,802692536,307244753,103900000,281365072
1063.085000038147,drive,742907344,802692536,307244753,103900000,281365072
1064.098000049591,drive,743005648,802692536,307244753,103900000,281365072
1065.1029999256134,drive,743005648,802692536,307244753,103900000,281381456
1066.1169998645782,drive,743022032,802692536,307244753,103900000,281365072
1067.1280000209808,drive,743022032,802692536,307244753,103900000,281365072
1068.1340000629425,drive,742399440,802692536,307244753,103900000,281365072
1069.1399998664856,drive,742448592,802692536,307244753,103900000,281496144
1070.154000043869,drive,742432208,802692536,307244753,103900000,281365072
1071.1510000228882,drive,742432208,802692536,307258229,103900000,281365072
1072.1659998893738,drive,742432208,802692536,307258229,103900000,281365072
1073.1730000972748,drive,742399440,802692536,307258229,103900000,281496144
1074.1730000972748,drive,742399440,802692536,307220273,103820000,281381456
1075.1879999637604,drive,742399440,802692536,307206797,103780000,281365072
1076.1959998607635,drive,742366672,802692536,307149833,103660000,281365072
1077.2119998931885,drive,742251984,802692536,307122881,103600000,281365072
1078.2219998836517,drive,742251984,802692536,307122881,103600000,281365072
1079.2309999465942,drive,742251984,802692536,307167041,103770000,281365072
1080.2249999046326,drive,742251984,802692536,307211201,103950000,281365072
1081.2419998645782,drive,742251984,802692536,307241885,104030000,281479760
1082.2460000514984,drive,742251984,802692536,307299521,104180000,281365072
1083.24799990654,drive,742268368,802692536,307021101,104450000,281365072
1084.2560000419617,drive,742301136,802692536,307092213,104630000,281365072
1085.2679998874664,drive,742301136,802692536,307149849,104780000,281381456
1086.2699999809265,drive,742809040,802692536,307207485,104930000,281381456
1087.2779998779297,drive,742497744,802692536,307265121,105120000,281365072
1088.2890000343323,drive,742481360,802692536,307322757,105270000,281365072
1089.295000076294,drive,742481360,802692536,307322757,105270000,281365072
1090.3039999008179,drive,742481360,802692536,307438029,105570000,281381456
1091.3139998912811,drive,742464976,802692536,307438029,105570000,281365072
1092.3250000476837,drive,742464976,802692536,307614945,105720000,281365072
1093.335000038147,drive,742464976,802692536,307757169,106380000,281594448
1094.343999862671,drive,742464976,802692536,307757169,106380000,281774672
1095.3469998836517,drive,742464976,802692536,307757169,106380000,281578064
1096.356999874115,drive,742366672,802692536,307814805,106530000,281430608
1097.3629999160767,drive,742481360,802692536,307872441,106680000,281430608
1098.37700009346,drive,742743504,802692536,307899393,106750000,281512528
1099.3829998970032,drive,743202256,802692536,307899393,106750000,282331752
1100.3780000209808,drive,743120336,802692536,307899393,106750000,282331752
1101.3849999904633,drive,743103952,802692536,307899393,106750000,282331752
1102.3919999599457,drive,743103952,802692536,307899393,106750000,282331752
1103.4110000133514,drive,743169488,802692536,307899393,106750000,281578064
1104.4179999828339,drive,743136720,802692536,307899393,106750000,281512528
1105.425999879837,drive,743382480,802692536,307899393,106750000,281512528
1106.4300000667572,drive,743398864,802692536,307899393,106750000,281365072
1107.4409999847412,drive,743398864,802692536,307964517,106910000,281365072
1108.4349999427795,drive,743202256,802692536,307964517,106910000,281365072
1109.4400000572205,drive,743251432,802692536,307964517,106910000,281365072
1110.4649999141693,drive,755850728,802692536,307964517,106910000,281365072
1111.4670000076294,drive,755768808,802692536,307964517,106910000,282249832
1112.470999956131,drive,756309480,802692536,307964517,106910000,282544744
1113.4849998950958,drive,756260328,802692536,308314049,106910000,282544744
1114.4969999790192,drive,756260328,802692536,308314049,106910000,281823848
1115.5069999694824,drive,756293096,802692536,308364197,106750000,281971304
1116.5169999599457,drive,744513000,802692536,308306561,106600000,281823848
1117.5260000228882,drive,744513000,802692536,308248925,106450000,281807464
1118.5350000858307,drive,744513000,802692536,308248925,106450000,281676392
1119.542000055313,drive,744513000,802692536,308133653,106150000,281676392
1120.555999994278,drive,744513000,802692536,308133653,106150000,281692776
1121.5599999427795,drive,744365544,802692536,307960745,105700000,281774696
1122.5709998607635,drive,744070632,802692536,307960745,105700000,281676392
1123.582999944687,drive,744037864,802692536,307774361,105210000,281676392
1124.5899999141693,drive,744037864,802692536,307774361,105210000,281692776
1125.6050000190735,drive,744005096,802692536,307716725,105060000,281676392
1126.6110000610352,drive,743988712,802692536,307601453,104760000,281676392
1127.6159999370575,drive,743988712,802692536,307659089,104910000,281676392
1128.62299990654,drive,743988712,802692536,307716725,105060000,281807464
1129.6280000209808,drive,744021480,802692536,307774361,105210000,281774696
1130.6349999904633,drive,744021480,802692536,307831997,105360000,281676392
1131.6449999809265,drive,744054248,802692536,307889633,105510000,281676392
1132.638000011444,drive,744054248,802692536,307947269,105660000,281676392
1133.654000043869,drive,744037864,802692536,308004905,105810000,281692776
1134.654000043869,drive,744037864,802692536,308062541,105970000,281692776
1135.6619999408722,drive,743939560,802692536,308062541,105970000,281676392
1136.6840000152588,drive,743939560,802692536,308062541,105970000,281676392
1137.694000005722,drive,743955944,802692536,308004905,105810000,281823848
1138.691999912262,drive,743939560,802692536,308004905,105810000,281791080
1139.7030000686646,drive,743939560,802692536,307947269,105660000,281676392
1140.7030000686646,drive,743939560,802692536,307889633,105510000,281676392
1141.7130000591278,drive,743939560,802692536,307831997,105360000,281676392
1142.7130000591278,drive,743939560,802692536,307545049,104750000,281676392
1143.7239999771118,drive,743939560,802692536,307473937,104570000,281807464
1144.7379999160767,drive,743939560,802692536,307473937,104570000,281676392
1145.744999885559,drive,743939560,802692536,307358665,104270000,281676392
1146.7530000209808,drive,743923176,802692536,307429777,104450000,281692776
1147.7530000209808,drive,743890408,802692536,307429777,104450000,281692776
1148.760999917984,drive,743939560,802692536,307487413,104600000,281873000
1149.7709999084473,drive,743923176,802692536,307545049,104750000,281676392
1150.7720000743866,drive,743661032,802692536,307602685,104900000,281676392
1151.7820000648499,drive,743661032,802692536,307660321,105050000,281676392
1152.7839999198914,drive,743726568,802692536,307717957,105210000,281692776
1153.7929999828339,drive,743726568,802692536,307775593,105360000,281856616
1154.7939999103546,drive,743742952,802692536,307775593,105360000,280365672
1155.8039999008179,drive,743759336,802692536,307833229,105510000,280201832
1156.8120000362396,drive,743759336,802692536,307775593,105360000,280201832
1157.8199999332428,drive,743759336,802692536,307775593,105360000,280218216
1158.832999944687,drive,743759336,802692536,307717957,105210000,280201832
1159.845999956131,drive,743759336,802692536,307660321,105050000,280201832
1160.851000070572,drive,743759336,802692536,307602685,104900000,280201832
1161.8610000610352,drive,743759336,802692536,307545049,104750000,280365672
1162.8680000305176,drive,743726568,802692536,307473937,104570000,280201832
1163.8780000209808,drive,743726568,802692536,307416301,104420000,280201832
1164.8840000629425,drive,744218088,802692536,307358665,104270000,280496744
1165.8959999084473,drive,744218088,802692536,307287553,104550000,280496744
1166.9049999713898,drive,744218088,802692536,307216441,104370000,280496744
1167.912999868393,drive,744218088,802692536,307145329,104180000,280496744
1168.9279999732971,drive,744234472,802692536,307074217,104000000,280496744
1169.930999994278,drive,744201704,802692536,307016581,103850000,280496744
1170.9409999847412,drive,744201704,802692536,306916957,103610000,280496744
1171.9449999332428,drive,744168936,802692536,306892477,103560000,280496744
1172.9500000476837,drive,744168936,802692536,306879001,103530000,280496744
1173.9560000896454,drive,744136168,802692536,306879001,103530000,280578664
1174.9639999866486,drive,744136168,802692536,306869497,103540000,280496744
1175.9700000286102,drive,744300008,802692536,306907453,103620000,280496744
1176.983999967575,drive,744054248,802692536,306868117,103530000,280496744
1177.9809999465942,drive,744087016,802692536,306868117,103530000,280496744
1178.9860000610352,drive,744087016,802692536,306925753,103770000,280513128
1179.99799990654,drive,744119784,802692536,306996865,103980000,280496744
1180.9939999580383,drive,744168936,802692536,307027549,104060000,280611432
1182.0230000019073,drive,744152552,802692536,307085185,104210000,280627816
1183.0309998989105,drive,744136168,802692536,307085185,104300000,280496744
1184.029000043869,drive,744136168,802692536,307227409,104630000,280496744
1185.0409998893738,drive,744185320,802692536,307227409,104630000,280496744
1186.0520000457764,drive,744185320,802692536,307285045,104780000,280513128
1187.0469999313354,drive,744234472,802692536,307342681,104970000,280496744
1188.0639998912811,drive,744152552,802692536,307400317,105120000,280496744
1189.0739998817444,drive,744152552,802692536,307457953,105270000,280496744
1190.0810000896454,drive,744152552,802692536,307515589,105420000,280496744
1191.0910000801086,drive,744152552,802692536,307573225,105570000,280611432
1192.098000049591,drive,744185320,802692536,307630861,105720000,280496744
1193.106999874115,drive,744185320,802692536,307573225,105570000,280496744
1194.111999988556,drive,744152552,802692536,307630861,105720000,280496744
1195.1219999790192,drive,744152552,802692536,307573225,105570000,280513128
1196.1389999389648,drive,744152552,802692536,307573225,105570000,280496744
1197.1449999809265,drive,744152552,802692536,307457953,105270000,280496744
1198.1579999923706,drive,744152552,802692536,307457953,105270000,280644200
1199.1689999103546,drive,744152552,802692536,307171005,104660000,280496744
1200.175999879837,drive,744054248,802692536,307113369,104510000,280496744
1201.1770000457764,drive,744054248,802692536,307055733,104360000,280496744
1202.1889998912811,drive,744037864,802692536,307011573,104210000,280496744
1203.1859998703003,drive,744005096,802692536,307011573,104210000,280496744
1204.204999923706,drive,744005096,802692536,307011573,104210000,280513128
1205.1900000572205,drive,744037864,802692536,307011573,104210000,280496744
1206.1979999542236,drive,744037864,802692536,307011573,104210000,280496744
1207.2070000171661,drive,744037864,802692536,307011573,104210000,280676968
1208.2039999961853,drive,744005096,802692536,307069209,104360000,280513128
1209.223000049591,drive,744005096,802692536,307126845,104510000,280496744
1210.2239999771118,drive,744005096,802692536,307184481,104660000,280152680
1211.2469999790192,drive,744103400,802692536,307242117,104810000,280152680
1212.2530000209808,drive,744103400,802692536,307299753,104960000,280152680
1213.2620000839233,drive,744103400,802692536,307357389,105110000,280152680
1214.2620000839233,drive,744103400,802692536,307415025,105260000,280152680
1215.2809998989105,drive,744136168,802692536,307415025,105260000,280152680
1216.279000043869,drive,744136168,802692536,307415025,105260000,280152680
1217.2909998893738,drive,744136168,802692536,307415025,105260000,280152680
1218.295000076294,drive,744119784,802692536,307357389,105110000,280152680
1219.3050000667572,drive,744119784,802692536,307299753,104960000,280169064
1220.3209998607635,drive,744119784,802692536,307242117,104810000,280152680
1221.3269999027252,drive,744119784,802692536,307184481,104660000,280152680
1222.3310000896454,drive,744119784,802692536,307126845,104510000,280152680
1223.335000038147,drive,744119784,802692536,307069209,104360000,280169064
1224.343999862671,drive,744660456,802692536,307011573,104210000,280611432
1225.3529999256134,drive,744644072,802692536,307011573,104670000,280447592
1226.3610000610352,drive,744644072,802692536,306896301,104330000,280447592
1227.37299990654,drive,744644072,802692536,306882825,104300000,280611432
1228.3689999580383,drive,744644072,802692536,306754077,103970000,280463976
1229.37700009346,drive,744660456,802692536,306754077,103970000,280595048
1230.3840000629425,drive,744611304,802692536,306652281,103650000,280447592
1231.3919999599457,drive,744611304,802692536,306665757,103680000,280447592
1232.398999929428,drive,744578536,802692536,306638805,103590000,280447592
1233.4100000858307,drive,744594920,802692536,306638805,103590000,280611432
1234.4230000972748,drive,744578536,802692536,306652281,103560000,280447592
1235.4300000667572,drive,744611304,802692536,306678141,103620000,280447592
1236.4389998912811,drive,744611304,802692536,306640185,103540000,280463976
1237.4470000267029,drive,744857064,802692536,306626709,103510000,280447592
1238.457999944687,drive,744676840,802692536,306613233,103530000,280447592
1239.468999862671,drive,744676840,802692536,306684345,103860000,280463976
1240.4739999771118,drive,744676840,802692536,306766461,103910000,280562280
1241.4790000915527,drive,744676840,802692536,306810621,104030000,280447592
1242.483999967575,drive,744709608,802692536,306868257,104270000,280447592
1243.4900000095367,drive,744709608,802692536,307424945,104630000,280709736
1244.4990000724792,drive,744709608,802692536,307424945,104630000,280709736
1245.5039999485016,drive,744709608,802692536,307496057,104820000,280726120
1246.5199999809265,drive,744709608,802692536,307553693,105120000,280709736
1247.5099999904633,drive,744709608,802692536,307611329,105330000,280955496
1248.5139999389648,drive,744725992,802692536,307668965,105630000,280922728
1249.5149998664856,drive,744725992,802692536,307726601,105780000,280939112
1250.5250000953674,drive,744709608,802692536,307784237,106080000,280709736
1251.542000055313,drive,744709608,802692536,307841873,106230000,280709736
1252.5520000457764,drive,744709608,802692536,307899509,106420000,280709736
1253.550999879837,drive,744709608,802692536,307899509,106420000,280726120
1254.5629999637604,drive,744725992,802692536,307899509,106420000,280939112
1255.5789999961853,drive,744709608,802692536,307899509,106420000,280709736
1256.5780000686646,drive,744709608,802692536,307841873,106150000,280709736
1257.5880000591278,drive,744709608,802692536,307784237,106150000,280726120
1258.6019999980927,drive,744709608,802692536,307726601,105850000,280709736
1259.606999874115,drive,744709608,802692536,307726601,106000000,280709736
1260.6159999370575,drive,744709608,802692536,307611329,105510000,280709736
1261.6169998645782,drive,744709608,802692536,307611329,105510000,280726120
1262.614000082016,drive,744709608,802692536,307146525,105060000,280709736
1263.6289999485016,drive,744725992,802692536,307146525,105060000,280922728
1264.641000032425,drive,744709608,802692536,307017777,104550000,280709736
1265.648999929428,drive,744709608,802692536,307017777,104550000,280480360
1266.6600000858307,drive,744709608,802692536,306875553,104030000,280676968
1267.6719999313354,drive,744611304,802692536,306875553,104030000,280480360
1268.680999994278,drive,744611304,802692536,306749277,103680000,280480360
1269.6849999427795,drive,744611304,802692536,306776229,103750000,280496744
1270.6930000782013,drive,744742376,802692536,306736893,103660000,280758888
1271.7009999752045,drive,744742376,802692536,306736893,103660000,280529512
1272.6930000782013,drive,744725992,802692536,306736893,103660000,280906344
1273.7019999027252,drive,744693224,802692536,,,280906344
1274.7039999961853,drive,745725416,802692536,,,280906344
1275.7130000591278,drive,746577384,802692536,306736893,103830000,280906344
1276.7349998950958,settle-2,745856488,745856488,306736893,103830000,280726120
1277.7400000095367,settle-2,745840104,746135016,306788385,103830000,280709736
1278.7490000724792,settle-2,745627112,746135016,306788385,103830000,280709736
1279.766000032425,settle-2,745627112,746135016,306788385,103830000,280857192
1280.7669999599457,settle-2,745758184,746135016,306788385,103830000,280857192
1281.773999929428,settle-2,745627112,746135016,306788385,103830000,280857192
1282.7809998989105,settle-2,745627112,746135016,306788385,103830000,280709736
1283.795000076294,settle-2,745610728,746135016,306788385,103830000,280857192
1284.8039999008179,settle-2,745594344,746135016,306788385,103830000,280644200
1285.8099999427795,settle-2,745594344,746135016,306788385,103830000,280644200
1286.7990000247955,settle-2,744906216,746135016,306788385,103830000,280644200
1287.8150000572205,settle-2,744840680,746135016,306788385,103830000,280644200
1288.829999923706,settle-2,744840680,746135016,306788385,103830000,280644200
1289.835000038147,settle-2,744840680,746135016,306788385,103830000,280644200
1290.843999862671,settle-2,744840680,746135016,306788385,103830000,280644200
1291.8519999980927,settle-2,744840680,746135016,306788385,103830000,280660584
1292.8710000514984,drive,744873448,744873448,306788385,103830000,280644200
1293.8740000724792,drive,744873448,745037288,306746397,103810000,280644200
1294.8819999694824,drive,744873448,745037288,306773349,103840000,280644200
1295.8980000019073,drive,744873448,745037288,306814185,103930000,280644200
1296.904000043869,drive,744873448,745037288,306800709,103900000,280644200
1297.9070000648499,drive,744873448,745037288,306800709,103900000,280644200
1298.917000055313,drive,744873448,745037288,306942933,104370000,280644200
1299.9179999828339,drive,744873448,745037288,307085157,104820000,280660584
1300.9249999523163,drive,744971752,745119208,307173477,105050000,280758888
1301.9270000457764,drive,744988136,745119208,307288749,105350000,280742504
1302.9409999847412,drive,744971752,745119208,307430973,105860000,280644200
1303.9509999752045,drive,745004520,745151976,307573197,106230000,280660584
1304.9630000591278,drive,745004520,745151976,307688469,106530000,280644200
1305.9739999771118,drive,745004520,745168360,307803741,106830000,280644200
1306.9739999771118,drive,745004520,745168360,307803741,106890000,280644200
1307.973000049591,drive,745004520,745168360,308034285,107490000,280644200
1308.9779999256134,drive,745004520,745168360,308034285,107490000,280644200
1309.9909999370575,drive,745004520,745184744,308149557,108090000,280791656
1311.00200009346,drive,744922600,745184744,308264829,108090000,280644200
1312.0090000629425,drive,744938984,745184744,308380101,108390000,280644200
1313.0079998970032,drive,745332200,745627112,308264829,108090000,280644200
1314.029000043869,drive,745233896,745627112,308380101,108390000,280644200
1315.0360000133514,drive,745233896,745627112,308264829,108090000,280644200
1316.0429999828339,drive,745233896,745627112,308264829,108090000,280644200
1317.0520000457764,drive,745233896,745627112,308034285,107490000,280660584
1318.0650000572205,drive,745233896,745627112,308034285,107490000,280644200
1319.0699999332428,drive,745135592,745627112,307803741,106890000,280644200
1320.0750000476837,drive,745135592,745627112,307803741,106890000,280644200
1321.0859999656677,drive,745135592,745627112,307573197,106290000,280726120
1322.098000049591,drive,745381352,745627112,307613625,106330000,280775272
1323.1019999980927,drive,745283048,745627112,307671261,106480000,280775272
1324.106999874115,drive,745266664,745627112,307742373,106660000,280840808
1325.1080000400543,drive,745266664,745627112,307742373,106630000,280840808
1326.1150000095367,drive,745266664,745627112,307742373,106630000,280840808
1327.1219999790192,drive,745364968,745627112,307684737,106510000,280939112
1328.1159999370575,drive,745364968,745627112,307684737,106510000,280857192
1329.1319999694824,drive,745430504,745627112,307684737,105480000,280857192
1330.1549999713898,drive,750968320,751099392,307684737,105480000,280988264
1331.162999868393,drive,750624256,751099392,307671261,105370000,280840808
1332.1710000038147,drive,746151424,751099392,307684737,105400000,280922728
1333.1789999008179,drive,746135040,751099392,307698213,105340000,280906344
1334.191999912262,drive,746135040,751099392,307755849,105460000,280906344
1335.2009999752045,drive,746135040,751099392,307614717,105130000,280922728
1336.2130000591278,drive,746135040,751099392,307672353,105280000,280906344
1337.2160000801086,drive,746135040,751099392,307700865,105320000,280906344
1338.2219998836517,drive,746135040,751099392,307629753,105140000,280906344
1339.2309999465942,drive,746135040,751099392,307558641,104960000,280906344
1340.233999967575,drive,745545192,751099392,307572117,105070000,280922728
1341.2469999790192,drive,745545192,751099392,307572117,105090000,280906344
1342.2560000419617,drive,745545192,751099392,307545165,105030000,280906344
1343.2649998664856,drive,745545192,751099392,307545165,105030000,280906344
1344.2690000534058,drive,745545192,751099392,307558641,105120000,280922728
1345.2799999713898,drive,745545192,751099392,307558641,105120000,280906344
1346.2850000858307,drive,745545192,751099392,307545165,105090000,280906344
1347.287999868393,drive,745545192,751099392,307531689,105050000,280906344
1348.2969999313354,drive,745545192,751099392,307518213,105050000,280906344
1349.3069999217987,drive,745545192,751099392,307480257,104970000,281021032
1350.3199999332428,drive,745545192,751099392,307480257,104940000,280906344
1351.3259999752045,drive,745545192,751099392,307524417,105000000,280906344
1352.3209998607635,drive,745545192,751099392,307568577,105110000,280906344
1353.3250000476837,drive,745545192,751099392,307568577,105110000,280906344
1354.3389999866486,drive,745545192,751099392,307568577,105050000,281004648
1355.345999956131,drive,745545192,751099392,307555101,105000000,280906344
1356.3580000400543,drive,745545192,751099392,307483989,104820000,280922728
1357.3599998950958,drive,745545192,751099392,307426353,104670000,280955496
1358.3689999580383,drive,745545192,751099392,307368717,104490000,280971880
1359.3799998760223,drive,745545192,751099392,307081769,103880000,280955496
1360.3889999389648,drive,745545192,751099392,306997181,103660000,280955496
1361.391000032425,drive,745545192,751099392,306895385,103360000,280906344
1362.4000000953674,drive,745545192,751099392,306895385,103360000,280906344
1363.401999950409,drive,745545192,751099392,306895385,103360000,280922728
1364.4110000133514,drive,745545192,751099392,306895385,103360000,280906344
1365.4179999828339,drive,745512424,751099392,306895385,103360000,280906344
1366.4140000343323,drive,745512424,751099392,306895385,103360000,280906344
1367.425999879837,drive,745414120,751099392,306895385,103360000,280906344
1368.4319999217987,drive,745381352,751099392,306953021,103660000,280906344
1369.4500000476837,drive,745381352,751099392,307010657,103660000,280906344
1370.4539999961853,drive,745381352,751099392,307068293,103810000,280906344
1371.4619998931885,drive,745381352,751099392,307139405,103990000,280906344
1372.457999944687,drive,745446888,751099392,307210517,104180000,280906344
1373.4609999656677,drive,745479656,751099392,307268153,104330000,280906344
1374.4739999771118,drive,745479656,751099392,307325789,104480000,281119336
1375.4800000190735,drive,745479656,751099392,307554809,105140000,281053800
1376.481999874115,drive,745463272,751099392,307554809,105140000,281053800
1377.4849998950958,drive,745446888,751099392,307554809,105140000,281053800
1378.5060000419617,drive,745463272,751099392,307612445,105330000,281004648
1379.5149998664856,drive,745463272,751099392,307670081,105480000,280906344
1380.5199999809265,drive,745659880,751099392,307697033,105540000,280906344
1381.5309998989105,drive,745692648,751099392,307697033,105540000,280906344
1382.5409998893738,drive,745741800,751099392,307697033,105540000,281840232
1383.539999961853,drive,745741800,751099392,307697033,105540000,281840232
1384.5339999198914,drive,745725416,751099392,307697033,105540000,281840232
1385.5309998989105,drive,751230464,751869440,307697033,105540000,281840232
1386.555999994278,drive,746053120,751885824,307697033,105540000,281201256
1387.569000005722,drive,745807360,751885824,307697033,105540000,281070184
1388.5769999027252,drive,745807360,751885824,307762157,105710000,281299560
1389.5869998931885,drive,745905664,751885824,307762157,105710000,281070184
1390.5920000076294,drive,745692672,751885824,307762157,105710000,281053800
1391.579999923706,drive,751967744,751967744,307762157,105710000,281053800
1392.606999874115,drive,749936128,752950784,307762157,105710000,281938536
1393.6019999980927,drive,748871168,752950784,307762157,105710000,281873000
1394.6240000724792,drive,745397760,752950784,307762157,105710000,281987688
1395.6310000419617,drive,745364992,752950784,307812305,105540000,281152104
1396.6419999599457,drive,745201152,752950784,307754669,105390000,281365096
1397.6529998779297,drive,745201152,752950784,307697033,105240000,281152104
1398.6619999408722,drive,745233920,752950784,307710509,105270000,281086568
1399.6679999828339,drive,745233920,752950784,307618217,105030000,281102952
1400.6789999008179,drive,745233920,752950784,307618217,105030000,281086568
1401.6859998703003,drive,745233920,752950784,307445309,104630000,281086568
1402.6979999542236,drive,745233920,752950784,307401149,104580000,281152104
1403.7089998722076,drive,745233920,752950784,307458785,104730000,281299560
1404.718999862671,drive,745233920,752950784,307472261,104810000,281152104
1405.7579998970032,drive,745266688,752950784,307428101,105150000,281217640
1406.7690000534058,drive,745266688,752950784,307428101,105150000,281299560
1407.7709999084473,drive,745233920,752950784,307414625,105120000,281299560
1408.7820000648499,drive,745233920,752950784,307401149,105120000,281283176
1409.7799999713898,drive,745233920,752950784,307387673,105090000,281283176
1410.779000043869,drive,745233920,752950784,307361813,105030000,281283176
1411.7960000038147,drive,745233920,752950784,307361813,105030000,281283176
1412.8039999008179,drive,745233920,752950784,307409945,105160000,281299560
1413.8209998607635,drive,745233920,752950784,307454105,105270000,281283176
1414.8220000267029,drive,745233920,752950784,307904493,105870000,281578088
1415.8280000686646,drive,745250304,752950784,307931445,105940000,281578088
1416.8339998722076,drive,745250304,752950784,307931445,105940000,281594472
1417.851000070572,drive,745250304,752950784,307989081,106090000,281430632
1418.8559999465942,drive,745250304,752950784,308046717,106270000,281430632
1419.8610000610352,drive,745250304,752950784,308073669,106340000,281430632
1420.8719999790192,drive,745446912,752950784,308073669,106340000,281512552
1421.8759999275208,drive,745463296,752950784,308073669,106340000,282348136
1422.8810000419617,drive,745479680,752950784,308073669,106340000,282348136
1423.8819999694824,drive,745823744,752950784,308073669,106340000,282348136
1424.891000032425,drive,745823744,752950784,308073669,106340000,282348136
1425.904000043869,drive,745823744,752950784,308073669,106340000,281627240
1426.9240000247955,drive,745905664,752950784,308073669,106340000,281807464
1427.9300000667572,drive,745856512,752950784,308073669,106340000,282053224
1428.944000005722,drive,745823744,752950784,308138793,106510000,281594472
1429.9509999752045,drive,745823744,752950784,308138793,106510000,281528936
1430.944000005722,drive,745627136,752950784,308138793,106510000,281528936
1431.9530000686646,drive,745627136,752950784,308138793,106510000,281528936
1432.9779999256134,drive,745643520,752950784,308138793,106510000,281528936
1433.9809999465942,drive,745627136,752950784,308138793,106510000,282331752
1434.986999988556,drive,745594368,752950784,308138793,106510000,282331752
1435.9900000095367,drive,745594368,752950784,308138793,106510000,282331752
1437.0169999599457,drive,745594368,752950784,308188941,106340000,281610856
1438.0230000019073,drive,745594368,752950784,308131305,106190000,281610856
1439.0350000858307,drive,745577984,752950784,308022237,105920000,281627240
1440.0460000038147,drive,745545216,752950784,308035713,105960000,281463400
1441.058000087738,drive,745528832,752950784,307901433,105620000,281479784
1442.0539999008179,drive,745528832,752950784,307887957,105580000,281479784
1443.0599999427795,drive,745463296,752950784,307701573,105160000,281479784
1444.066999912262,drive,745577984,752950784,307772685,105340000,281496168
1445.0720000267029,drive,745905664,752950784,307643937,105070000,281496168
1446.0820000171661,drive,745659904,752950784,307688097,105190000,281479784
1447.0869998931885,drive,745659904,752950784,307701573,105270000,281479784
1448.0950000286102,drive,745659904,752950784,307657413,105150000,281479784
1449.1019999980927,drive,745676288,752950784,307657413,105150000,281496168
1450.1129999160767,drive,745659904,752950784,307643937,105120000,281479784
1451.1240000724792,drive,745659904,752950784,307630461,105120000,281479784
1452.1280000209808,drive,745659904,752950784,307616985,105090000,281479784
1453.135999917984,drive,745659904,752950784,307591125,105030000,281496168
1454.1470000743866,drive,745659904,752950784,307577649,104990000,281479784
1455.1579999923706,drive,745627136,752950784,307612305,105090000,281479784
1456.1570000648499,drive,745627136,752950784,307656465,105210000,281479784
1457.1570000648499,drive,745627136,752950784,307877541,105810000,281643624
1458.1589999198914,drive,745627136,752950784,307904493,105870000,281643624
1459.162999868393,drive,745610752,752950784,307904493,105870000,281643624
1460.1770000457764,drive,745627136,752950784,307904493,106020000,281692776
1461.180999994278,drive,745627136,752950784,308019765,106170000,281496168
1462.1949999332428,drive,745790976,752950784,308046717,106240000,281496168
1463.1979999542236,drive,745790976,752950784,308046717,106240000,281496168
1464.204999923706,drive,745790976,752950784,308046717,106240000,282364520
1465.2070000171661,drive,745790976,752950784,308046717,106240000,282364520
1466.2149999141693,drive,745692672,752950784,308046717,106240000,282364520
1467.2379999160767,drive,745692672,752950784,308046717,106240000,281643624
1468.2490000724792,drive,745692672,752950784,308046717,106240000,281643624
1469.2579998970032,drive,745807360,752950784,308046717,106240000,281758312
1470.2599999904633,drive,745741824,752950784,308111841,106410000,281741928
1471.2730000019073,drive,745954816,752950784,308111841,106410000,281545320
1472.2620000839233,drive,745676288,752950784,308111841,106410000,281545320
1473.2799999713898,drive,745676288,752950784,308111841,106410000,281545320
1474.2990000247955,drive,745758208,752950784,308111841,106410000,281545320
1475.3109998703003,drive,745741824,752950784,308111841,106410000,282413672
1476.3069999217987,drive,745709056,752950784,308111841,106410000,282364520
1477.3120000362396,drive,745709056,752950784,308111841,106410000,282364520
1478.3229999542236,drive,745676288,752950784,308111841,106410000,281791080
1479.3429999351501,drive,745692672,752950784,308104353,106090000,281774696
1480.3280000686646,drive,745709056,752950784,308104353,106090000,281643624
1481.3420000076294,drive,745709056,752950784,307995285,105820000,281660008
1482.3499999046326,drive,745709056,752950784,307995285,105820000,281496168
1483.3550000190735,drive,745709056,752950784,307838025,105430000,281496168
1484.3669998645782,drive,745709056,752950784,307638165,104920000,281512552
1485.3629999160767,drive,745709056,752950784,307638165,104920000,281496168
1486.3719999790192,drive,745807360,752950784,307638165,104920000,281578088
1487.37299990654,drive,745709056,752950784,307208993,103940000,281643624
1488.3919999599457,drive,745758208,752950784,307137881,103760000,281496168
1489.3959999084473,drive,745725440,752950784,307022609,103460000,281496168
1490.4089999198914,drive,745692672,752950784,307080245,103610000,281709160
1491.4140000343323,drive,745692672,752950784,307137881,103760000,281496168
1492.4219999313354,drive,745725440,752950784,307195517,103910000,281496168
1493.4230000972748,drive,745807360,752950784,307253153,104060000,281496168
1494.4319999217987,drive,745741824,752950784,307310789,104210000,281496168
1495.4409999847412,drive,745741824,752950784,307368425,104360000,281660008
1496.4509999752045,drive,745725440,752950784,307426061,104510000,281496168
1497.4560000896454,drive,745758208,752950784,307483697,104660000,281496168
1498.4570000171661,drive,745758208,752950784,307483697,104660000,281496168
1499.473000049591,drive,745758208,752950784,307483697,104660000,281709160
1500.4800000190735,drive,745758208,752950784,307426061,104510000,281496168
1501.4919998645782,drive,745758208,752950784,307426061,104510000,281496168
1502.49799990654,drive,745758208,752950784,307368425,104360000,281496168
1503.5009999275208,drive,745823744,752950784,307310789,104210000,281561704
1504.5009999275208,drive,745758208,752950784,307253153,104060000,281578088
1505.513000011444,drive,745758208,752950784,307195517,103910000,281545320
1506.516000032425,drive,745627136,752950784,307124405,103730000,281545320
1507.5169999599457,drive,745627136,752950784,307124405,103730000,281545320
1508.5299999713898,drive,746151424,752950784,307358665,103430000,281774696
1509.5469999313354,drive,746167808,752950784,307429777,104070000,282036840
1510.5529999732971,drive,746151424,752950784,307659089,104070000,281774696
1511.555999994278,drive,746151424,752950784,307716725,104220000,281774696
1512.5629999637604,drive,746151424,752950784,307774361,104370000,281774696
1513.5620000362396,drive,746118656,752950784,307831997,104520000,281774696
1514.5780000686646,drive,746118656,752950784,307889633,104670000,282036840
1515.5810000896454,drive,746200576,752950784,307947269,104820000,281774696
1516.5780000686646,drive,746216960,752950784,308018381,105000000,282053224
1517.5899999141693,drive,746200576,752950784,308031857,105030000,281774696
1518.5989999771118,drive,746200576,752950784,308089493,105180000,281774696
1519.598000049591,drive,746200576,752950784,308031857,105030000,282004072
1520.6150000095367,drive,746200576,752950784,308031857,105030000,282004072
1521.6299998760223,drive,746200576,752950784,308031857,105030000,282004072
1522.62700009346,drive,746200576,752950784,308031857,105030000,281856616
1523.6419999599457,drive,746216960,752950784,307974221,104880000,282004072
1524.6370000839233,drive,746167808,752950784,307974221,104880000,281807464
1525.6399998664856,drive,746151424,752950784,307974221,104880000,281987688
1526.6429998874664,drive,746151424,752950784,307974221,104880000,281791080
1527.6610000133514,drive,746151424,752950784,307974221,104880000,281791080
1528.664999961853,drive,746069504,752950784,307974221,104880000,281791080
1529.6640000343323,drive,746069504,752950784,307974221,104880000,281791080
1530.6870000362396,drive,746036736,752950784,307974221,104880000,281791080
1531.6949999332428,drive,746036736,752950784,307974221,104880000,281791080
1532.707999944687,drive,746069504,752950784,307974221,104880000,281954920
1533.7139999866486,drive,746102272,752950784,307974221,104880000,281791080
1534.718999862671,drive,746167808,752950784,307974221,104880000,281791080
1535.739000082016,drive,746102272,752950784,308031857,105030000,281971304
1536.7430000305176,drive,746135040,752950784,308090325,105330000,282266216
1537.7539999485016,drive,746118656,752950784,308090325,105370000,281971304
1538.7579998970032,drive,746102272,752950784,308103801,105550000,281971304
1539.7709999084473,drive,746135040,752950784,308141757,105630000,281987688
1540.7869999408722,drive,746135040,752950784,308084121,105520000,281971304
1541.787999868393,drive,746167808,752950784,308026485,105520000,281971304
1542.7939999103546,drive,746167808,752950784,307982325,105490000,281971304
1543.7980000972748,drive,746167808,752950784,308053437,105700000,281971304
1544.8020000457764,drive,746167808,752950784,307982325,105370000,281987688
1545.8159999847412,drive,746200576,752950784,308039961,105520000,281971304
1546.819000005722,drive,746413568,752950784,307938165,105150000,281971304
1547.832999944687,drive,746282496,752950784,308066913,105480000,281987688
1548.8519999980927,drive,746266112,752950784,307924689,104970000,281971304
1549.8550000190735,drive,746249728,752950784,307982325,105270000,281971304
1550.856999874115,drive,746249728,752950784,307897737,104940000,281971304
1551.858999967575,drive,746249728,752950784,307955373,105090000,281971304
1552.8659999370575,drive,746249728,752950784,307869225,104880000,282004072
1553.8829998970032,drive,746266112,752950784,307953813,105090000,282020456
1554.891000032425,drive,746249728,752950784,307973493,105160000,282020456
1555.8899998664856,drive,746249728,752950784,308017653,105280000,282020456
1556.8889999389648,drive,746249728,752950784,308017653,105280000,282200680
1557.8959999084473,drive,746249728,752950784,308017653,105660000,282200680
1558.9119999408722,drive,747658776,752950784,308017653,105660000,282315368
1559.9089999198914,drive,747642392,752950784,307960017,105510000,281971304
1560.9319999217987,drive,747560472,752950784,307960017,105510000,281971304
1561.9300000667572,drive,747576856,752950784,307960017,105510000,282102376
1562.9459998607635,drive,747560472,752950784,307960017,105540000,281971304
1563.9479999542236,drive,747626008,752950784,307937037,105490000,281971304
1564.9560000896454,drive,747593240,752950784,307937037,105450000,282069608
1565.9700000286102,drive,747396632,752950784,307937037,105450000,281971304
1566.9769999980927,drive,747429400,752950784,307937037,105450000,281971304
1567.989000082016,drive,747429400,752950784,307937037,105450000,282036840
1569.0009999275208,drive,746708480,752950784,307937037,105450000,281971304
1570.0079998970032,drive,746675712,752950784,307937037,105450000,281725544
1571.016000032425,drive,746806784,752950784,307937037,105450000,281725544
1572.0169999599457,drive,746724864,752950784,308041341,105450000,281873000
1573.023999929428,drive,746855936,752950784,308098977,105600000,282036840
1574.0260000228882,drive,747511320,752950784,308099809,105370000,281954920
1575.0369999408722,drive,747822616,752950784,308157445,105970000,281889384
1576.050999879837,drive,747593240,752950784,308157445,106000000,281873000
1577.0590000152588,drive,747576856,752950784,308184397,106220000,281873000
1578.0620000362396,drive,747576856,752950784,308264341,106390000,281954920
1579.0659999847412,drive,747576856,752950784,308167369,106180000,281954920
1580.0729999542236,drive,747576856,752950784,308109733,106180000,282118760
1581.0769999027252,drive,749264408,752950784,308123209,106390000,281971304
1582.0729999542236,drive,748953112,752950784,308251957,106770000,282069608
1583.0880000591278,drive,747691544,752950784,308238481,106580000,281954920
1584.0839998722076,drive,747691544,752950784,308353753,106890000,281954920
1585.1059999465942,drive,746855960,752950784,308238481,106810000,282036840
1586.106999874115,drive,746855960,752950784,308482501,107110000,281971304
1587.1150000095367,drive,746855960,752950784,308367229,106660000,281954920
1588.1150000095367,drive,746855960,752950784,308482501,107260000,281954920
1589.1210000514984,drive,746855960,752950784,308440513,106910000,281954920
1590.1180000305176,drive,746855960,752950784,308555785,107210000,281905768
1591.1259999275208,drive,746855960,752950784,308555785,107210000,281905768
1592.1299998760223,drive,746855960,752950784,308671057,107510000,281905768
1593.1280000209808,drive,746855960,752950784,308748373,107720000,281905768
1594.1459999084473,drive,746855960,752950784,308850169,107990000,281905768
1595.1579999923706,drive,746855960,752950784,309035029,108510000,282315368
1596.1570000648499,drive,746872344,752950784,309035029,108510000,282315368
1597.1600000858307,drive,746937880,752950784,309035029,108510000,282315368
1598.1589999198914,drive,746937880,752950784,309092665,108660000,282167912
1599.170000076294,drive,746937880,752950784,309127321,108750000,282184296
1600.1849999427795,drive,747167256,752950784,309128413,108760000,282167912
1601.1819999217987,drive,747150872,752950784,309128413,108760000,283036264
1602.1959998607635,drive,747150872,752950784,309128413,108760000,283036264
1603.2039999961853,drive,747150872,752950784,309128413,108760000,283036264
1604.2000000476837,drive,747724312,752950784,309128413,108760000,283052648
1605.2179999351501,drive,747298328,752950784,309128413,108760000,282315368
1606.233999967575,drive,747363864,752950784,309128413,108760000,282315368
1607.2439999580383,drive,747363864,752950784,309128413,108760000,282315368
1608.2530000209808,drive,747396632,752950784,309316849,108970000,282577512
1609.2620000839233,drive,747413016,752950784,309316849,108970000,282806888
1610.2539999485016,drive,747249176,752950784,309316849,108970000,282593896
1611.2649998664856,drive,748035608,752950784,309374485,109120000,282593896
1612.2809998989105,drive,755801624,756669976,309374485,109120000,282741352
1613.295000076294,drive,747314712,756669976,309374485,109120000,283396712
1614.2809998989105,drive,747724312,756669976,309374485,109120000,283396712
1615.289999961853,drive,813653576,813702728,309374485,109120000,283396712
1616.3050000667572,drive,748183112,813702728,309379505,109370000,282692200
1617.3220000267029,drive,747069000,813702728,309379505,109370000,282774120
1618.3289999961853,drive,747019848,813702728,309264233,109070000,282757736
1619.3399999141693,drive,747019848,813702728,309321869,109220000,282610280
1620.348000049591,drive,747019848,813702728,309135485,108770000,282610280
1621.3580000400543,drive,747019848,813702728,309135485,108760000,282757736
1622.3710000514984,drive,747003464,813702728,308789669,107860000,282610280
1623.37700009346,drive,747003464,813702728,308789669,107860000,282610280
1624.3810000419617,drive,747003464,813702728,308488013,107080000,282610280
1625.3870000839233,drive,747019848,813702728,308474537,106890000,282626664
1626.4029998779297,drive,747003464,813702728,308359265,106590000,282610280
1627.412999868393,drive,747003464,813702728,308186357,105990000,282610280
1628.417000055313,drive,747003464,813702728,308243993,106140000,282626664
1629.4179999828339,drive,747003464,813702728,308301629,106110000,282626664
1630.4289999008179,drive,747003464,813702728,308288153,106080000,282610280
1631.4300000667572,drive,746970696,813702728,308288153,106050000,282610280
1632.4379999637604,drive,746970696,813702728,308230517,105860000,282610280
1633.4359998703003,drive,746970696,813702728,308230517,105860000,282626664
1634.4379999637604,drive,746970696,813702728,308230517,105310000,282626664
1635.4379999637604,drive,747396680,813702728,308230517,105310000,282626664
1636.4530000686646,drive,747904584,813702728,308117417,105030000,282610280
1637.4639999866486,drive,747904584,813702728,308188529,105210000,282610280
1638.4619998931885,drive,747691592,813702728,308179025,105190000,282610280
1639.4809999465942,drive,747691592,813702728,308223185,105310000,282610280
1640.4809999465942,drive,747691592,813702728,308069957,104960000,282610280
1641.494999885559,drive,747691592,813702728,308127593,105110000,282610280
1642.4909999370575,drive,747724360,813702728,308067077,104960000,282806888
1643.50200009346,drive,747724360,813702728,308053601,104920000,282610280
1644.5120000839233,drive,747724360,813702728,307982489,104830000,282610280
1645.5230000019073,drive,747724360,813702728,307995965,104860000,282724968
1646.5320000648499,drive,747036232,813702728,307995965,104890000,282610280
1647.5360000133514,drive,747036232,813702728,307969013,104820000,282610280
1648.539999961853,drive,747036232,813702728,307969013,104910000,282610280
1649.5490000247955,drive,747052616,813702728,307995965,105090000,282610280
1650.5639998912811,drive,747069000,813702728,308080553,105310000,282790504
1651.5659999847412,drive,747085384,813702728,308209301,105640000,282806888
1652.5780000686646,drive,747085384,813702728,308324573,106090000,282610280
1653.5869998931885,drive,747085384,813702728,308439845,106390000,282626664
1654.5999999046326,drive,747085384,813702728,308555117,106910000,282610280
1655.6099998950958,drive,747085384,813702728,308670389,107210000,282610280
1656.6169998645782,drive,747069000,813702728,308670389,107360000,282626664
1657.625,drive,747069000,813702728,308900933,107810000,282806888
1658.6349999904633,drive,747069000,813702728,308843297,107510000,282610280
1659.6440000534058,drive,747069000,813702728,309193121,107810000,282610280
1660.6549999713898,drive,747085384,813702728,309264233,108140000,282806888
1661.664999961853,drive,747085384,813702728,309264233,108140000,282757736
1662.670000076294,drive,747085384,813702728,309264233,108140000,282757736
1663.6800000667572,drive,747085384,813702728,309321869,108290000,282610280
1664.6889998912811,drive,747085384,813702728,309264233,108140000,282692200
1665.6989998817444,drive,747281992,813702728,309277709,108170000,282610280
1666.7070000171661,drive,747281992,813702728,309277709,108170000,283626088
1667.694000005722,drive,747281992,813702728,309277709,108170000,283478632
1668.710000038147,drive,747298376,813702728,309277709,108170000,283642472
1669.7179999351501,drive,747314760,813702728,309277709,108170000,282757736
1670.7300000190735,drive,747134536,813702728,309277709,108170000,282757736
1671.7430000305176,drive,747150920,813702728,309277709,108170000,282970728
1672.7539999485016,drive,747118152,813702728,309277709,108170000,282610280
1673.7439999580383,drive,747118152,813702728,309277709,108170000,282757736
1674.7560000419617,drive,747118152,813702728,309342833,108340000,282757736
1675.773999929428,drive,746937928,813702728,309342833,108340000,282970728
1676.7869999408722,drive,746872392,813702728,309400469,108490000,282757736
1677.792000055313,drive,746856008,813702728,309400469,108490000,283839080
1678.789999961853,drive,746823240,813702728,309400469,108490000,283626088
1679.8120000362396,drive,746823240,813702728,309400469,108490000,283626088
1680.8129999637604,drive,746954312,813702728,309393365,108620000,283118184
1681.8250000476837,drive,746708552,813702728,309393365,108620000,282921576
1682.8450000286102,drive,746790472,813702728,309220457,108170000,283052648
1683.8519999980927,drive,746757704,813702728,309335729,108470000,282708584
1684.8559999465942,drive,746757704,813702728,309162821,108060000,282708584
1685.8659999370575,drive,746757704,813702728,309162821,108210000,282708584
1686.87700009346,drive,746757704,813702728,308817005,107300000,282872424
1687.8759999275208,drive,746757704,813702728,308817005,107300000,282708584
1688.8899998664856,drive,746757704,813702728,308515349,106370000,282790504
1689.8940000534058,drive,746774088,813702728,308501873,106340000,282856040
1690.8949999809265,drive,747298376,813702728,308386601,106040000,283183720
1691.914999961853,drive,747281992,813702728,308213693,105440000,283052648
1692.9140000343323,drive,747281992,813702728,308071469,105070000,283052648
1693.925999879837,drive,747265608,813702728,307929245,104560000,283232872
1694.9379999637604,drive,747265608,813702728,307787021,104190000,283052648
1695.9479999542236,drive,747167304,813702728,307644797,103820000,282970728
1696.9560000896454,drive,747200072,813702728,307480685,103410000,283134568
1697.9700000286102,drive,747167304,813702728,307351937,103080000,282970728
1698.9660000801086,drive,747167304,813702728,307316573,103000000,282970728
1699.968999862671,drive,747167304,813702728,307289621,102930000,282970728
1700.973000049591,drive,747167304,813702728,307289621,102930000,283101800
1701.983999967575,drive,747658824,813702728,307289621,103960000,283101800
1702.9960000514984,drive,747920968,813702728,307289621,103960000,283134568
1704.0099999904633,drive,747855432,813702728,307289621,103960000,283134568
1705.0179998874664,drive,747822664,813702728,307289621,103960000,283150952
1706.0309998989105,drive,747806280,813702728,307289621,103990000,282921576
1707.029000043869,drive,747806280,813702728,307247633,103900000,282921576
1708.037999868393,drive,747871816,813702728,307247633,103900000,282921576
1709.042000055313,drive,747871816,813702728,307247633,103900000,282921576
1710.0460000038147,drive,747855432,813702728,307247633,103900000,282921576
1711.0520000457764,drive,747855432,813702728,307247633,103900000,282937960
1712.0680000782013,drive,747855432,813702728,307247633,103900000,282921576
1713.0750000476837,drive,747298376,813702728,307247633,103900000,282921576
1714.0910000801086,drive,747314760,813702728,307247633,103900000,283036264
1715.098000049591,drive,747298376,813702728,307247633,103900000,282921576
1716.1029999256134,drive,747265608,813702728,307261109,103900000,282921576
1717.1099998950958,drive,747265608,813702728,307261109,103900000,282921576
1718.1099998950958,drive,747298376,813702728,307261109,103900000,282921576
1719.119999885559,drive,747298376,813702728,307223153,103820000,282937960
1720.1299998760223,drive,747298376,813702728,307209677,103780000,282970728
1721.141000032425,drive,747298376,813702728,307152713,103660000,282970728
1722.1440000534058,drive,747298376,813702728,307125761,103600000,282970728
1723.1529998779297,drive,747298376,813702728,307125761,103600000,282987112
1724.1589999198914,drive,747314760,813702728,307169921,103770000,283101800
1725.1789999008179,drive,747200072,813702728,307241033,104010000,282970728
1726.1849999427795,drive,747200072,813702728,307244765,104030000,282987112
1727.1779999732971,drive,747200072,813702728,307302401,104180000,282970728
1728.2039999961853,drive,747232840,813702728,307023981,104450000,282970728
1729.2030000686646,drive,747232840,813702728,307095093,104630000,282970728
1730.2139999866486,drive,747232840,813702728,307095093,104630000,282970728
1731.2239999771118,drive,747298376,813702728,307210365,104930000,283101800
1732.2360000610352,drive,747298376,813702728,307210365,104970000,282905192
1733.239000082016,drive,747331144,813702728,307268001,105270000,282905192
1734.24799990654,drive,747331144,813702728,307325637,105270000,282905192
1735.2569999694824,drive,747331144,813702728,307383273,105420000,283052648
1736.2690000534058,drive,747331144,813702728,307440909,105570000,282905192
1737.279000043869,drive,747331144,813702728,307617825,105720000,282905192
1738.289999961853,drive,747331144,813702728,307760049,106380000,283249256
1739.2860000133514,drive,747363912,813702728,307760049,106380000,283085416
1740.2850000858307,drive,747363912,813702728,307760049,106380000,283085416
1741.295000076294,drive,747249224,813702728,307817685,106530000,282921576
1742.3090000152588,drive,747347528,813702728,307875321,106680000,282921576
1743.3129999637604,drive,747560520,813702728,307902273,106750000,282921576
1744.3139998912811,drive,747576904,813702728,307902273,106750000,282921576
1745.3139998912811,drive,747576904,813702728,307902273,106750000,282921576
1746.3220000267029,drive,747593288,813702728,307902273,106750000,283855464
1747.3410000801086,drive,747560520,813702728,307902273,106750000,283789928
1748.3399999141693,drive,747560520,813702728,307902273,106750000,283806312
1749.3489999771118,drive,747626056,813702728,307902273,106750000,283069032
1750.361999988556,drive,747609672,813702728,307902273,106750000,283265640
1751.3580000400543,drive,747593288,813702728,,,283069032
1752.3629999160767,drive,747494984,813702728,307902273,106750000,283069032
1753.385999917984,drive,747462216,813702728,307967397,106910000,282921576
1754.3949999809265,drive,747281992,813702728,307967397,106910000,283118184
1755.3970000743866,drive,747167304,813702728,307967397,106910000,282921576
1756.4070000648499,drive,747707976,813702728,307967397,106910000,284297832
1757.4010000228882,drive,747675208,813702728,308316929,106910000,284084840
1758.4110000133514,drive,757702240,813702728,308316929,106910000,284084840
1759.4289999008179,drive,747691616,813702728,308367077,106750000,282479208
1760.4430000782013,drive,747708000,813702728,308309441,106600000,282610280
1761.4519999027252,drive,747691616,813702728,308251805,106450000,282479208
1762.4630000591278,drive,747691616,813702728,308251805,106450000,282331752
1763.4700000286102,drive,747691616,813702728,308136533,106150000,282348136
1764.4800000190735,drive,747691616,813702728,308136533,106150000,282331752
1765.489000082016,drive,747691616,813702728,307963625,105700000,282331752
1766.5009999275208,drive,747691616,813702728,307963625,105700000,282348136
1767.510999917984,drive,747691616,813702728,307777241,105210000,282331752
1768.5230000019073,drive,747691616,813702728,307777241,105210000,282331752
1769.523999929428,drive,747691616,813702728,307604333,104760000,282331752
1770.5279998779297,drive,747724384,813702728,307604333,104760000,282331752
1771.5480000972748,drive,747757152,813702728,307661969,104910000,282331752
1772.550999879837,drive,747757152,813702728,307719605,105060000,282331752
1773.5599999427795,drive,747757152,813702728,307777241,105210000,282331752
1774.5680000782013,drive,747757152,813702728,307834877,105360000,282348136
1775.582999944687,drive,747757152,813702728,307892513,105510000,282331752
1776.5920000076294,drive,748412512,813702728,307950149,105660000,282331752
1777.593999862671,drive,747789920,813702728,308007785,105810000,282331752
1778.6040000915527,drive,747871840,813702728,308065421,105970000,282380904
1779.611999988556,drive,747855456,813702728,308065421,105970000,282331752
1780.6259999275208,drive,747855456,813702728,308065421,105970000,282331752
1781.635999917984,drive,747855456,813702728,308007785,105810000,282348136
1782.6449999809265,drive,747855456,813702728,308007785,105810000,282331752
1783.6529998779297,drive,747904608,813702728,307950149,105660000,282331752
1784.6640000343323,drive,747871840,813702728,307892513,105510000,282331752
1785.6710000038147,drive,747871840,813702728,307834877,105360000,282430056
1786.6740000247955,drive,747871840,813702728,307547929,104750000,282462824
1787.6849999427795,drive,747871840,813702728,307476817,104570000,282331752
1788.6930000782013,drive,747773536,813702728,307419181,104420000,282331752
1789.7000000476837,drive,747789920,813702728,307361545,104270000,282348136
1790.7070000171661,drive,747789920,813702728,307432657,104450000,282495592
1791.7109999656677,drive,747806304,813702728,307432657,104450000,282479208
1792.7219998836517,drive,747724384,813702728,307490293,104600000,282331752
1793.726000070572,drive,747724384,813702728,307547929,104750000,282331752
1794.7360000610352,drive,747724384,813702728,307605565,104900000,282348136
1795.7469999790192,drive,747822688,813702728,307663201,105050000,282331752
1796.75,drive,747822688,813702728,307720837,105210000,282331752
1797.760999917984,drive,747822688,813702728,307778473,105360000,282331752
1798.7679998874664,drive,747822688,813702728,307778473,105360000,282348136
1799.773999929428,drive,747822688,813702728,307836109,105510000,282528360
1800.7890000343323,unloaded,747544160,747544160,19689532,,275483240
1801.792000055313,unloaded,747544160,747609696,19689532,,275466856
1802.8050000667572,unloaded,747544160,747609696,19689532,,275466856
1803.8090000152588,unloaded,747544160,747609696,19689532,,275319400
1804.816999912262,unloaded,747544160,747609696,19689532,,275319400
1805.8280000686646,unloaded,747544160,747609696,19689532,,275253864
1806.835000038147,unloaded,747544160,747609696,19689532,,275188328
1807.845999956131,unloaded,747544160,747609696,19689532,,275188328
1808.845999956131,unloaded,747544160,747609696,19689532,,275188328
1809.8559999465942,unloaded,747544160,747609696,19689532,,275188328
1810.8650000095367,unloaded,746462816,747609696,19689532,,275188328
1811.861999988556,unloaded,746675808,747609696,19689532,,275188328
1812.8829998970032,unloaded,746675808,747609696,19689532,,275188328
1813.8929998874664,unloaded,735616608,747609696,19689532,,271354472
1814.8940000534058,unloaded,735616608,747609696,19689532,,271354472
1815.9089999198914,unloaded,735616608,747609696,19689532,,271354472
1816.9089999198914,unloaded,735616608,747609696,19689532,,271354472
1817.9230000972748,unloaded,735616608,747609696,19689532,,271354472
1818.9349999427795,unloaded,735616608,747609696,19689532,,271354472
1819.9319999217987,unloaded,735616608,747609696,19689532,,271354472
1820.9430000782013,unloaded,735616608,747609696,19689532,,271354472
